symbol,pattern,entry_date,exit_date,pnl_pct,pnl_dollars,capital_after,shares,entry_price
AES,Falling Wedge,2021-10-26 04:00:00+00:00,2021-11-08 05:00:00+00:00,-0.5031191509053755,-1.006238301810751,998.9937616981892,10.040968240546473,19.91839782864557
BF-B,Falling Wedge,2021-10-26 04:00:00+00:00,2021-11-01 04:00:00+00:00,3.35595571218898,6.71191142437796,1005.7056731225672,3.245770319002786,61.61865453913171
BDX,Falling Wedge,2021-10-26 04:00:00+00:00,2021-10-29 04:00:00+00:00,-0.8760060815659634,-1.752012163131927,1003.9536609594353,1.1861036288232008,168.61933067216995
LNT,Falling Wedge,2021-10-26 04:00:00+00:00,2021-11-02 04:00:00+00:00,3.4261450420731405,6.852290084146281,1010.8059510435816,4.241987719251532,47.14770839442424
ED,Falling Wedge,2021-10-26 04:00:00+00:00,2021-11-05 04:00:00+00:00,3.81809137055399,7.63618274110798,1018.4421337846895,3.1649019561497678,63.19311080438907
CARR,Falling Wedge,2021-11-09 05:00:00+00:00,2021-11-12 05:00:00+00:00,5.894518758469876,12.006452524019881,1030.4485863087093,4.156642556814748,49.00311344380432
ROST,Channel Breakout,2021-11-09 05:00:00+00:00,2021-11-19 05:00:00+00:00,-4.194658266933108,-8.544033431745884,1021.9045528769634,1.831621244889443,111.20663036927844
SCHW,Inverse Head & Shoulders,2021-11-09 05:00:00+00:00,2021-11-11 05:00:00+00:00,6.083688603853185,12.391769605979674,1034.296322482943,2.8287695995350557,72.00601519134563
CTSH,Inverse Head & Shoulders,2021-11-09 05:00:00+00:00,2021-11-12 05:00:00+00:00,3.7203930395566327,7.578010051447527,1041.8743325343905,2.799526388316509,72.75817352785363
ED,Ascending Triangle,2021-11-09 05:00:00+00:00,2021-11-16 05:00:00+00:00,3.158551063476959,6.433602969510748,1048.3079355039013,3.1578861125464486,64.50151129506318
PG,Inverse Head & Shoulders,2021-11-23 05:00:00+00:00,2021-11-26 05:00:00+00:00,2.692848835963342,5.645869607705629,1053.953805111607,1.6323152262791014,128.44430029529804
ES,Falling Wedge,2021-11-23 05:00:00+00:00,2021-11-30 05:00:00+00:00,-2.0174034997587844,-4.229720195820953,1049.724084915786,3.0193709010024654,69.43883145696682
FDX,Falling Wedge,2021-11-23 05:00:00+00:00,2021-11-26 05:00:00+00:00,-1.111111362852105,-2.3295737178128326,1047.3945111979733,1.172672303457597,178.7895787106065
HSY,Falling Wedge,2021-11-23 05:00:00+00:00,2021-12-01 05:00:00+00:00,-2.359848832557825,-4.947696515519969,1042.4468146824534,1.3194533130552073,158.9003453371963
CFG,Falling Wedge,2021-11-23 05:00:00+00:00,2021-11-26 05:00:00+00:00,-0.2795317695720219,-0.586070744535597,1041.8607439379177,5.187973399822698,40.41300348763268
ORLY,Falling Wedge,2021-12-07 05:00:00+00:00,2021-12-08 05:00:00+00:00,4.587105676275988,9.558250664813492,1051.4189946027311,4.814791653267759,43.27750062583977
ES,Falling Wedge,2021-12-07 05:00:00+00:00,2021-12-09 05:00:00+00:00,3.3156441272630968,6.908878914127436,1058.3278735168585,2.9704359873791732,70.14867503387308
LHX,Falling Wedge,2021-12-07 05:00:00+00:00,2021-12-16 05:00:00+00:00,-1.130569035248644,-2.355790992274652,1055.9720825245838,1.078385122873387,193.2260974005003
IBM,Falling Wedge,2021-12-07 05:00:00+00:00,2021-12-09 05:00:00+00:00,7.241875304844939,15.090051185222764,1071.0621337098066,2.165029946724894,96.24446493351944
HSY,Inverse Head & Shoulders,2021-12-07 05:00:00+00:00,2021-12-10 05:00:00+00:00,3.183702238910105,6.6339487662153935,1077.696082476022,1.3131858837059316,158.67681138906104
CCL,Falling Wedge,2021-12-21 05:00:00+00:00,2021-12-22 05:00:00+00:00,14.226708480562593,30.66413599206141,1108.3602184680833,12.078978455366526,17.844159362619216
BKNG,Falling Wedge,2021-12-21 05:00:00+00:00,2021-12-22 05:00:00+00:00,8.094421702976973,17.44665311841435,1125.8068715864977,2.5170023619311963,85.63329925913526
BR,Falling Wedge,2021-12-21 05:00:00+00:00,2021-12-22 05:00:00+00:00,3.665079372657715,7.899683363753791,1133.7065549502515,1.3702649333240808,157.2974767531523
CPAY,Falling Wedge,2021-12-21 05:00:00+00:00,2021-12-28 05:00:00+00:00,9.706291211623393,20.920864028275943,1154.6274189785274,1.0442836138855438,206.39911766232888
CHD,Double Bottom,2021-12-21 05:00:00+00:00,2021-12-22 05:00:00+00:00,3.9867858944260686,8.593087080187274,1163.2205060587148,2.4080229506841357,89.50878829205853
ADM,Double Top Breakout,2022-01-04 05:00:00+00:00,2022-01-05 05:00:00+00:00,3.6220176349385467,8.426410372533612,1171.6469164312484,3.9824934668046303,58.41669375001032
APP,Falling Wedge,2022-01-04 05:00:00+00:00,2022-01-05 05:00:00+00:00,-8.199999999999989,-19.0768162993629,1152.5701001318855,2.5363491451148303,91.7240048200108
ABNB,Falling Wedge,2022-01-04 05:00:00+00:00,2022-01-06 05:00:00+00:00,-2.867216697513971,-6.670410515724396,1145.8996896161611,1.416121500107613,164.28258535306753
AKAM,Ascending Triangle,2022-01-04 05:00:00+00:00,2022-01-10 05:00:00+00:00,-3.594836379081396,-8.36317478414668,1137.5365148320145,2.0377882831523855,114.16500091552734
AMZN,Falling Wedge,2022-01-04 05:00:00+00:00,2022-01-10 05:00:00+00:00,-4.475071084279172,-10.410988902607878,1127.1255259294066,1.384529375775255,168.03117743997012
DELL,Double Top Breakout,2022-01-18 05:00:00+00:00,2022-01-21 05:00:00+00:00,-4.107281369421972,-9.258843347299587,1117.8666825821072,4.231445071989094,53.27378740613423
KIM,Inverse Head & Shoulders,2022-01-18 05:00:00+00:00,2022-01-24 05:00:00+00:00,-4.605079762533919,-10.38100589858582,1107.4856766835214,11.390127588778238,19.791271294271915
BSX,Falling Wedge,2022-01-18 05:00:00+00:00,2022-01-24 05:00:00+00:00,-2.881951664500374,-6.496642571106225,1100.9890341124153,5.163742844149196,43.655370143248
CF,Inverse Head & Shoulders,2022-01-18 05:00:00+00:00,2022-01-25 05:00:00+00:00,7.546055570479539,17.01070370713856,1117.999737819554,3.8263332788440816,58.91413234499564
COIN,Falling Wedge,2022-01-18 05:00:00+00:00,2022-01-21 05:00:00+00:00,-7.16388783424788,-16.149201685751837,1101.850536133802,1.0005955516835292,225.29093279157345
CTAS,Falling Wedge,2022-02-01 05:00:00+00:00,2022-02-14 05:00:00+00:00,-3.853367948232936,-8.49167107936254,1093.3588650544395,2.3888758027558166,92.24845719168012
DUK,Falling Wedge,2022-02-01 05:00:00+00:00,2022-02-10 05:00:00+00:00,-2.8685857647896613,-6.321505525758563,1087.037359528681,2.5359270669096072,86.89922912306511
J,Falling Wedge,2022-02-01 05:00:00+00:00,2022-02-08 05:00:00+00:00,-2.7243286429717957,-6.003605951726294,1081.0337535769547,2.1646299545323604,101.80497907521956
CNP,Falling Wedge,2022-02-01 05:00:00+00:00,2022-02-14 05:00:00+00:00,-2.9328406874970643,-6.463104167827336,1074.5706494091273,8.980983931903712,24.53741248149057
TRGP,Inverse Head & Shoulders,2022-02-01 05:00:00+00:00,2022-02-02 05:00:00+00:00,7.613061974508385,16.776912836463854,1091.3475622455912,4.335604175745752,50.82800419363821
C,Falling Wedge,2022-02-15 05:00:00+00:00,2022-02-24 05:00:00+00:00,-3.912939402614049,-8.540753756515125,1082.806808489076,4.005744825375368,54.489120491758925
ALB,Falling Wedge,2022-02-15 05:00:00+00:00,2022-02-17 05:00:00+00:00,-8.200000000000001,-17.898100020827698,1064.9087084682483,1.0439157353088564,209.08729034967587
CF,Falling Wedge,2022-02-15 05:00:00+00:00,2022-02-16 05:00:00+00:00,-0.478845297994635,-1.0451732973184173,1063.86353517093,3.452724569260932,63.216601287093
CMG,Falling Wedge,2022-02-15 05:00:00+00:00,2022-02-24 05:00:00+00:00,-8.200000000000001,-17.898100020827698,1045.9654351501022,7.10357441659511,30.726715826219127
CTSH,Falling Wedge,2022-02-15 05:00:00+00:00,2022-02-24 05:00:00+00:00,-0.7842216644666726,-1.7117168035517665,1044.2537183465504,2.7998143925686114,77.95856504933279
CPRT,Falling Wedge,2022-03-01 05:00:00+00:00,2022-03-07 05:00:00+00:00,-4.63446034392424,-9.679104893345041,1034.5746134532053,6.916361495327111,30.19662055119813
CIEN,Falling Wedge,2022-03-01 05:00:00+00:00,2022-03-07 05:00:00+00:00,-3.3585080050774723,-7.014268944797611,1027.5603445084078,3.1329558486874745,66.6625237495148
CVNA,Channel Breakout,2022-03-01 05:00:00+00:00,2022-03-03 05:00:00+00:00,-8.199999999999996,-17.125760980883417,1010.4345835275243,7.372429817203384,28.32861740941392
AJG,Falling Wedge,2022-03-01 05:00:00+00:00,2022-03-08 05:00:00+00:00,-2.6321699842573643,-5.497306586761868,1004.9372769407624,1.4037541700179437,148.78014123131004
AXON,Channel Breakout,2022-03-01 05:00:00+00:00,2022-03-07 05:00:00+00:00,-8.199999999999994,-17.125760980883413,987.811515959879,1.5122362786008559,138.10721685803094
GM,Falling Wedge,2022-03-15 04:00:00+00:00,2022-03-16 04:00:00+00:00,9.70956483852575,19.18243992490972,1006.9939558847888,5.274166755638669,37.45848630606148
FDX,Falling Wedge,2022-03-15 04:00:00+00:00,2022-03-17 04:00:00+00:00,9.421155916455225,18.612652615856035,1025.6066085006448,1.2855518753729476,153.67898174833402
FIS,Falling Wedge,2022-03-15 04:00:00+00:00,2022-03-16 04:00:00+00:00,10.032330188563183,19.820102584349307,1045.4267110849942,2.6894835640773347,73.45733799260168
GE,Falling Wedge,2022-03-15 04:00:00+00:00,2022-03-17 04:00:00+00:00,6.94266295416465,13.716084835103748,1059.142795920098,3.6355323459553364,54.34205623607534
ED,Double Bottom,2022-03-15 04:00:00+00:00,2022-03-24 04:00:00+00:00,4.1116185839811825,8.123008372982525,1067.2658042930805,2.6522506343469217,74.48854969946031
CHRW,Inverse Head & Shoulders,2022-03-29 04:00:00+00:00,2022-04-01 04:00:00+00:00,-5.407585878734665,-11.542662984303313,1055.7231413087773,2.149387247649433,99.30884306308609
BNY,Falling Wedge,2022-03-29 04:00:00+00:00,2022-04-07 04:00:00+00:00,-5.93103970027475,-12.659991712015845,1043.0631495967614,4.828834300062707,44.20386942162091
ADP,Falling Wedge,2022-03-29 04:00:00+00:00,2022-03-30 04:00:00+00:00,10.023631823727852,21.395758960577247,1064.4589085573386,1.1579434107045934,184.338162716201
T,Falling Wedge,2022-03-29 04:00:00+00:00,2022-03-30 04:00:00+00:00,3.22863514809661,6.891623776204474,1071.350532333543,15.568449443807308,13.710624274373178
AEE,Double Top Breakout,2022-03-29 04:00:00+00:00,2022-03-30 04:00:00+00:00,3.9787388396164562,8.49274381547075,1079.8432761490137,2.735005687025782,78.04486910984764
TGT,Ascending Triangle,2022-04-12 04:00:00+00:00,2022-04-21 04:00:00+00:00,9.594610011536808,20.721350216460067,1100.5646263654737,1.0943996655623465,197.3398403030664
DOC,Falling Wedge,2022-04-12 04:00:00+00:00,2022-04-21 04:00:00+00:00,3.501324876097546,7.561764250134428,1108.1263906156082,8.201475216145202,26.33290347627372
AMCR,Falling Wedge,2022-04-12 04:00:00+00:00,2022-04-20 04:00:00+00:00,3.8074169198386745,8.222827120767562,1116.3492177363757,4.5035723345037155,47.95496534499474
HAL,Falling Wedge,2022-04-12 04:00:00+00:00,2022-04-25 04:00:00+00:00,-4.454638776973647,-9.620623461975319,1106.7285942744004,6.093984923024407,35.4396438386032
VZ,Inverse Head & Shoulders,2022-04-12 04:00:00+00:00,2022-04-22 04:00:00+00:00,-3.0205411115485923,-6.523422019274831,1100.2051722551255,5.373268195207704,40.19316501313303
LNT,Inverse Head & Shoulders,2022-04-26 04:00:00+00:00,2022-05-02 04:00:00+00:00,-4.649761118198394,-10.231382463985298,1089.9737897911402,4.19445838941002,52.45993976399309
ALLE,Falling Wedge,2022-04-26 04:00:00+00:00,2022-04-28 04:00:00+00:00,6.679468907358019,14.697572479585169,1104.6713622707255,2.0832809459119237,105.6223525121839
MAR,Falling Wedge,2022-04-26 04:00:00+00:00,2022-05-09 04:00:00+00:00,-4.404100398256856,-9.6908280745861,1094.9805341961394,1.335269325333,164.79149956968385
BR,Channel Breakout,2022-04-26 04:00:00+00:00,2022-05-09 04:00:00+00:00,-5.393823593175516,-11.868625230886858,1083.1119089652525,1.6183551817681265,135.9658478743957
BLDR,Falling Wedge,2022-04-26 04:00:00+00:00,2022-05-04 04:00:00+00:00,7.826611951468611,17.221757900479094,1100.3336668657316,3.5973307377480053,61.167863199805424
ALB,Channel Breakout,2022-05-10 04:00:00+00:00,2022-05-17 04:00:00+00:00,9.40618167952118,20.69987675726561,1121.0335436229973,1.0852755045424052,202.77499349433404
XEL,Inverse Head & Shoulders,2022-05-10 04:00:00+00:00,2022-05-11 04:00:00+00:00,5.09633812555057,11.215344834549375,1132.2488884575466,3.567501126061971,61.68652106805909
ALB,Inverse Head & Shoulders,2022-05-24 04:00:00+00:00,2022-05-26 04:00:00+00:00,10.058006251798476,22.776332797395757,1155.0252212549424,1.026145058316693,220.68008402533428
HAL,Falling Wedge,2022-05-24 04:00:00+00:00,2022-05-27 04:00:00+00:00,11.498157804459765,26.03755278681807,1181.0627740417603,6.738804431897523,33.60385065036607
DGX,Falling Wedge,2022-05-24 04:00:00+00:00,2022-05-27 04:00:00+00:00,4.534677740789557,10.26876766304431,1191.3315417048047,1.787026196393844,126.71877902432377
PWR,Falling Wedge,2022-05-24 04:00:00+00:00,2022-05-26 04:00:00+00:00,9.306748213896268,21.075110640676616,1212.4066523454815,2.069697351898893,109.41202465362755
PEG,Inverse Head & Shoulders,2022-05-10 04:00:00+00:00,2022-06-13 04:00:00+00:00,-4.842717692772909,-10.65721063296874,1201.7494417125126,3.7529632021388415,58.63812713317537
CBOE,Channel Breakout,2022-06-07 04:00:00+00:00,2022-06-13 04:00:00+00:00,-4.428952412621393,-10.739382735967492,1191.0100589765452,2.256199088370188,107.47337489807146
CHRW,Falling Wedge,2022-06-07 04:00:00+00:00,2022-06-09 04:00:00+00:00,-4.591199961437338,-11.132802750989892,1179.8772562255554,2.48358844448689,97.6334589603041
ARES,Falling Wedge,2022-06-07 04:00:00+00:00,2022-06-13 04:00:00+00:00,-7.002076562326069,-16.978728408793014,1162.8985278167625,4.103750331015439,59.0877394846524
ACGL,Falling Wedge,2022-06-07 04:00:00+00:00,2022-06-10 04:00:00+00:00,-2.1622611805519543,-5.243079678819168,1157.6554481379433,5.480442611323817,44.244844379553534
HRL,Falling Wedge,2022-06-21 04:00:00+00:00,2022-06-23 04:00:00+00:00,5.441112820272053,12.597867800642305,1170.2533159385855,6.162553251830642,37.570643232788335
ERIE,Falling Wedge,2022-06-21 04:00:00+00:00,2022-06-24 04:00:00+00:00,7.091622141375482,16.419310016197986,1186.6726259547836,1.4545037081339358,159.1821927526282
DELL,Channel Breakout,2022-06-21 04:00:00+00:00,2022-07-01 04:00:00+00:00,-7.0639918447676315,-16.355337289394498,1170.317288665389,5.495263436838992,42.13284627547736
HII,Double Bottom,2022-07-05 04:00:00+00:00,2022-07-14 04:00:00+00:00,-5.784782931902967,-13.540062952765,1156.777225712624,1.177313163350764,198.8115524563636
ALL,Falling Wedge,2022-07-05 04:00:00+00:00,2022-07-18 04:00:00+00:00,-5.4488963397705685,-12.75387518115811,1144.023350531466,2.0324490249566116,115.16326109978309
ABBV,Falling Wedge,2022-07-05 04:00:00+00:00,2022-07-06 04:00:00+00:00,4.844880143568296,11.340093987059255,1155.363444518525,1.8847836191801461,124.18585101821505
DVN,Falling Wedge,2022-07-19 04:00:00+00:00,2022-07-27 04:00:00+00:00,17.469076243475342,40.36626420243682,1195.729708720962,5.447314691491133,42.41955935915496
CCI,Falling Wedge,2022-07-19 04:00:00+00:00,2022-07-28 04:00:00+00:00,5.523904827376513,12.764235417100473,1208.4939441380625,1.6972981869314299,136.1414810213547
MOS,Falling Wedge,2022-07-19 04:00:00+00:00,2022-07-22 04:00:00+00:00,9.294419799281481,21.476865748198062,1229.9708098862604,5.795683632439357,39.86978992613652
CME,Falling Wedge,2022-06-21 04:00:00+00:00,2022-08-15 19:26:19.412348+00:00,1.9844936215006366,4.5947197054504185,1234.5655295917109,1.396928925636659,165.74292748792993
DG,Falling Wedge,2022-06-21 04:00:00+00:00,2022-08-15 19:26:19.412348+00:00,11.694371755219569,27.07610634996083,1261.6416359416717,1.1044589951852286,209.63303358198337
BEN,Falling Wedge,2022-08-02 04:00:00+00:00,2022-08-11 04:00:00+00:00,11.37704814079113,27.98687423168768,1289.6285101733592,11.811777766038666,20.82617594487231
BLDR,Falling Wedge,2022-08-02 04:00:00+00:00,2022-08-09 04:00:00+00:00,-1.268362542146723,-3.120097806387202,1286.5084123669722,3.6623829303749385,67.16778847373786
AES,Falling Wedge,2022-08-02 04:00:00+00:00,2022-08-04 04:00:00+00:00,10.09496529547548,24.83302528049934,1311.3414376474716,14.19909872970819,17.324632123486023
KR,Falling Wedge,2022-08-16 04:00:00+00:00,2022-08-17 04:00:00+00:00,3.0979678818725827,8.12498731200097,1319.4664249594725,6.117347832827973,42.87287476479018
GOOGL,Falling Wedge,2022-08-16 04:00:00+00:00,2022-08-22 04:00:00+00:00,-0.9204139834254252,-2.4139539925118667,1317.0524709669608,2.299281259299419,114.06533518626875
GILD,Falling Wedge,2022-08-16 04:00:00+00:00,2022-08-17 04:00:00+00:00,4.868805478220503,12.769332750871122,1329.821803717832,4.771394161031676,54.96680397345048
COP,Falling Wedge,2022-08-16 04:00:00+00:00,2022-08-18 04:00:00+00:00,20.51013946302917,53.79159153959763,1383.6133952574296,3.515287241022331,74.60792519851674
HAS,Falling Wedge,2022-08-16 04:00:00+00:00,2022-08-18 04:00:00+00:00,4.644197117470899,12.180256249485064,1395.7936515069146,3.912563224400976,67.03234490725663
APA,Channel Breakout,2022-08-30 04:00:00+00:00,2022-09-01 04:00:00+00:00,-8.199999999999998,-22.891015884713386,1372.9026356222012,8.00100730447634,34.89044812460068
AXP,Channel Breakout,2022-08-30 04:00:00+00:00,2022-09-12 04:00:00+00:00,12.220587859906281,34.11483790507932,1407.0174735272806,2.0260617493041213,137.78392015804246
AVY,Inverse Head & Shoulders,2022-08-30 04:00:00+00:00,2022-09-02 04:00:00+00:00,6.658728931524413,18.58842313945439,1425.605896666735,1.7104032427606255,163.2122316669694
BSX,Channel Breakout,2022-08-30 04:00:00+00:00,2022-09-02 04:00:00+00:00,4.784750575742792,13.357048955331686,1438.9629456220666,7.095764337034679,39.34160113581835
CVS,Channel Breakout,2022-08-30 04:00:00+00:00,2022-09-12 04:00:00+00:00,5.259006652150042,14.680976196607322,1453.643921818674,3.301458481720125,84.55618383422338
BR,Falling Wedge,2022-09-13 04:00:00+00:00,2022-09-14 04:00:00+00:00,-1.0333204200403185,-3.0041598957654565,1450.6397619229085,1.8395455563162302,158.04380781193146
BSX,Double Bottom,2022-09-13 04:00:00+00:00,2022-09-19 04:00:00+00:00,-3.7512919975369883,-10.90608562237335,1439.733676300535,6.831033246774864,42.560001373291016
T,Falling Wedge,2022-09-13 04:00:00+00:00,2022-09-21 04:00:00+00:00,-2.2528066993049682,-6.549557530954113,1433.184118769581,21.82332277688468,13.32193027322473
AIZ,Falling Wedge,2022-09-13 04:00:00+00:00,2022-09-14 04:00:00+00:00,-3.5949726486343465,-10.451620279583395,1422.7324984899974,1.9199379246034394,151.42613760483138
APA,Channel Breakout,2022-09-13 04:00:00+00:00,2022-09-23 04:00:00+00:00,-7.895606751696565,-22.954801527348394,1399.777696962649,8.422282173970038,34.519003087104245
HSY,Falling Wedge,2022-09-27 04:00:00+00:00,2022-09-28 04:00:00+00:00,2.852270302297777,7.985088709730682,1407.7627856723798,1.4211344227155902,196.9944115895622
FANG,Falling Wedge,2022-10-11 04:00:00+00:00,2022-10-13 04:00:00+00:00,11.245009468487915,31.660611708541666,1439.4233973809214,2.4967748726272982,112.76649738076092
LOW,Falling Wedge,2022-10-11 04:00:00+00:00,2022-10-19 04:00:00+00:00,-0.795566047107684,-2.2399365493253534,1437.183460831596,1.6555164827218876,170.06931677996124
CMI,Falling Wedge,2022-10-11 04:00:00+00:00,2022-10-14 04:00:00+00:00,8.520375277544609,23.98933447138055,1461.1727953029765,1.475904148563961,190.766153349744
DECK,Falling Wedge,2022-10-11 04:00:00+00:00,2022-10-12 04:00:00+00:00,6.5577504958138535,18.46351421146268,1479.6363095144393,5.380956199647818,52.3238894144694
DXCM,Double Bottom,2022-10-11 04:00:00+00:00,2022-10-13 04:00:00+00:00,7.944220632697658,22.3671563357649,1502.0034658502043,2.9857110076649955,94.3000030517578
HRL,Falling Wedge,2022-10-25 04:00:00+00:00,2022-10-31 04:00:00+00:00,5.515952370604962,16.56995915622661,1518.5734250064309,7.7940256927179075,38.54243044781215
AAPL,Falling Wedge,2022-10-25 04:00:00+00:00,2022-10-26 04:00:00+00:00,9.64921035748488,28.986294799319964,1547.5597198057508,2.2399094131489776,134.11287590765664
ADM,Falling Wedge,2022-10-25 04:00:00+00:00,2022-10-26 04:00:00+00:00,5.762602768642782,17.310898661638884,1564.8706184673897,3.842777039290767,78.17281359250643
BG,Falling Wedge,2022-10-25 04:00:00+00:00,2022-10-26 04:00:00+00:00,13.066375242442271,39.25148180049519,1604.122100267885,3.944794482697806,76.1511643984555
CHRW,Falling Wedge,2022-10-25 04:00:00+00:00,2022-11-02 04:00:00+00:00,-4.362869353222446,-13.106089779183508,1591.0160104887013,3.5225639713996637,85.27898871647147
AEE,Falling Wedge,2022-11-08 05:00:00+00:00,2022-11-10 05:00:00+00:00,6.039115280432778,19.216658200711027,1610.2326686894123,4.486691257232787,70.92157312691833
NRG,Inverse Head & Shoulders,2022-11-08 05:00:00+00:00,2022-11-14 05:00:00+00:00,5.905418674743614,18.791231320312114,1629.0239000097245,8.060153022299398,39.47855595512793
IRM,Falling Wedge,2022-11-08 05:00:00+00:00,2022-11-10 05:00:00+00:00,10.882068206942833,34.627089488952244,1663.6509894986766,7.6517760729244495,41.58553505292601
CTVA,Inverse Head & Shoulders,2022-11-08 05:00:00+00:00,2022-11-09 05:00:00+00:00,5.584686871790526,17.770652453169575,1681.4216419518461,5.195391110902454,61.24720840169191
DTE,Falling Wedge,2022-11-08 05:00:00+00:00,2022-11-10 05:00:00+00:00,7.485675431092812,23.819658920381148,1705.2413008722274,3.3786453452728917,94.18070545431549
ACN,Inverse Head & Shoulders,2022-11-22 05:00:00+00:00,2022-12-01 05:00:00+00:00,6.718714889073768,22.914060235267513,1728.1553611074949,1.292421842417745,263.8830828922262
AMCR,Falling Wedge,2022-11-22 05:00:00+00:00,2022-12-01 05:00:00+00:00,6.714047148375463,22.898140986826487,1751.0535020943214,6.873683160946601,49.61652322180623
AEP,Ascending Triangle,2022-11-22 05:00:00+00:00,2022-11-28 05:00:00+00:00,6.035819313751193,20.5850567568216,1771.638558851143,4.302473964556042,79.26794281244119
ATO,Falling Wedge,2022-11-22 05:00:00+00:00,2022-11-23 05:00:00+00:00,11.724890782759129,39.987536021953936,1811.626094873097,3.605996979443481,94.57807705293196
BDX,Falling Wedge,2022-11-22 05:00:00+00:00,2022-11-30 05:00:00+00:00,5.812170142646635,19.822305149874936,1831.4484000229718,2.0141203653067903,169.32863896766025
MSFT,Falling Wedge,2022-12-06 05:00:00+00:00,2022-12-07 05:00:00+00:00,-1.9190991807651767,-7.029462248195557,1824.4189377747762,1.5302875050760323,239.3600410312409
NXPI,Inverse Head & Shoulders,2022-12-06 05:00:00+00:00,2022-12-13 05:00:00+00:00,8.818276038899661,32.30043508480739,1856.7193728595835,2.437024354743897,150.30201864481865
PCG,Falling Wedge,2022-12-06 05:00:00+00:00,2022-12-12 05:00:00+00:00,4.525764784005766,16.57740934509534,1873.2967822046787,24.697183937261592,14.831232618871944
PHM,Inverse Head & Shoulders,2022-12-06 05:00:00+00:00,2022-12-07 05:00:00+00:00,6.19689334712463,22.698580811408803,1895.9953630160876,9.160555873884807,39.98552981362454
UPS,Channel Breakout,2022-12-06 05:00:00+00:00,2022-12-13 05:00:00+00:00,4.704573984571692,17.232368993667045,1913.2277320097546,2.548473340653095,143.7290609093543
EL,Channel Breakout,2022-12-20 05:00:00+00:00,2022-12-21 05:00:00+00:00,9.552967193466408,36.55400351503865,1949.7817355247932,1.802479014913722,212.28848892882493
EVRG,Channel Breakout,2022-12-20 05:00:00+00:00,2023-01-06 05:00:00+00:00,5.4338599684950735,20.792423167164852,1970.574158691958,7.278062419006092,52.57519438177693
DHR,Channel Breakout,2023-01-03 05:00:00+00:00,2023-01-06 05:00:00+00:00,-5.043458516422499,-19.667286598395116,1950.906872093563,1.6899170118935944,230.75473195456075
CL,Inverse Head & Shoulders,2022-12-20 05:00:00+00:00,2023-01-27 05:00:00+00:00,-3.3049769719826876,-12.64634719290181,1938.260524900661,5.461312832337481,70.06475515122175
WDAY,Ascending Triangle,2022-12-20 05:00:00+00:00,2023-01-26 05:00:00+00:00,10.227938482611744,39.13675109244512,1977.3972759931062,2.352714878491971,162.63999938964844
GDDY,Falling Wedge,2023-01-17 05:00:00+00:00,2023-01-20 05:00:00+00:00,8.30314919992299,32.397341668295866,2009.794617661402,5.304535483303324,73.55618143131596
ADSK,Falling Wedge,2023-01-17 05:00:00+00:00,2023-01-18 05:00:00+00:00,10.141931577305385,39.571928020935566,2049.366545682338,2.129814657028639,183.19968506699308
AEP,Channel Breakout,2022-12-20 05:00:00+00:00,2023-02-13 19:26:19.412348+00:00,-1.17303812299626,-4.4885781352422285,2044.8779675470955,4.725896759044736,80.96781751941965
CPAY,Ascending Triangle,2023-01-31 05:00:00+00:00,2023-02-01 05:00:00+00:00,5.724778160221704,23.464337686022485,2068.342305233118,2.063657395186241,198.6149978637696
CPT,Falling Wedge,2023-01-31 05:00:00+00:00,2023-02-01 05:00:00+00:00,4.540334470907107,18.609619141770683,2086.9519243748887,4.062616161803218,100.88900669231391
CEG,Falling Wedge,2023-01-31 05:00:00+00:00,2023-02-02 05:00:00+00:00,7.415878083016887,30.39570490038735,2117.347629275276,5.271968214198512,77.74578534684507
CFG,Double Top Breakout,2023-01-31 05:00:00+00:00,2023-02-01 05:00:00+00:00,4.771084132534772,19.555400415705197,2136.9030296909814,11.452976920680692,35.787491058011085
KO,Falling Wedge,2023-02-14 05:00:00+00:00,2023-02-16 05:00:00+00:00,-1.995128931306347,-8.526794115865325,2128.376235575116,7.87243087969076,54.2882640025141
ALL,Inverse Head & Shoulders,2023-02-14 05:00:00+00:00,2023-02-27 05:00:00+00:00,-4.952266443258645,-21.165026332872756,2107.211209242243,3.410235134844915,125.32291441470706
ALLE,Inverse Head & Shoulders,2023-02-14 05:00:00+00:00,2023-02-15 05:00:00+00:00,4.700143412923354,20.08750139811605,2127.2987106403593,3.913171763433122,109.21590765114914
ADP,Falling Wedge,2023-02-14 05:00:00+00:00,2023-02-17 05:00:00+00:00,3.840829787983294,16.414961620937742,2143.7136722612972,2.1080062289166563,202.74162385081524
BRK-B,Falling Wedge,2023-02-14 05:00:00+00:00,2023-02-16 05:00:00+00:00,-0.9062935583496832,-3.8733229012537165,2139.8403493600435,1.3778247035354918,310.1850364865281
GIS,Falling Wedge,2023-02-28 05:00:00+00:00,2023-03-13 04:00:00+00:00,4.208227539056053,18.00987017472052,2157.850219534764,6.414652526776089,66.71726458846855
FITB,Double Bottom,2023-02-28 05:00:00+00:00,2023-03-08 05:00:00+00:00,-4.311872367131414,-18.453436944956806,2139.3967825898076,14.00002832267845,30.569086005258235
CVS,Falling Wedge,2023-02-28 05:00:00+00:00,2023-03-07 05:00:00+00:00,-3.8754713100491056,-16.585779764060607,2122.811002825747,5.796908299556021,73.8269518434139
COF,Inverse Head & Shoulders,2023-02-28 05:00:00+00:00,2023-03-10 05:00:00+00:00,-5.75994753324344,-24.650736283662322,2098.1602665420846,4.381598502846759,97.6739583953104
CHRW,Inverse Head & Shoulders,2023-02-28 05:00:00+00:00,2023-03-09 05:00:00+00:00,5.844285704227322,25.011676726187403,2123.171943268272,4.698674700338343,91.08271952539968
LEN,Falling Wedge,2023-03-14 04:00:00+00:00,2023-03-15 04:00:00+00:00,6.869350657886132,29.16962517059056,2152.341568438863,4.863229555622855,87.31530843792744
CMG,Falling Wedge,2023-03-14 04:00:00+00:00,2023-03-16 04:00:00+00:00,7.13551733425465,30.299860409587772,2182.6414288484507,14.221716270576714,29.8581676483154
GIS,Inverse Head & Shoulders,2023-03-14 04:00:00+00:00,2023-03-23 04:00:00+00:00,3.043476683836973,12.923648610227644,2195.5650774586784,6.224959705287608,68.21480118063435
CMS,Falling Wedge,2023-03-14 04:00:00+00:00,2023-03-15 04:00:00+00:00,3.339402536296504,14.18025154468729,2209.745329003366,8.03485057298875,52.84907103078854
SJM,Falling Wedge,2023-03-14 04:00:00+00:00,2023-03-15 04:00:00+00:00,3.6739581518945608,15.600889737688567,2225.3462187410546,3.2856344315890973,129.23969403628388
NWSA,Falling Wedge,2023-03-28 04:00:00+00:00,2023-03-29 04:00:00+00:00,7.857133624100004,34.96968520106828,2260.315903942123,29.6911060202803,14.989985332449708
MCD,Falling Wedge,2023-03-28 04:00:00+00:00,2023-03-31 04:00:00+00:00,3.509241581811752,15.618554969467318,2275.9344589115904,1.777174263929368,250.4364669135788
ES,Falling Wedge,2023-03-28 04:00:00+00:00,2023-04-05 04:00:00+00:00,5.448765593672001,24.250779821368692,2300.185238732959,6.882041839270872,64.67110403318391
DASH,Falling Wedge,2023-03-28 04:00:00+00:00,2023-03-31 04:00:00+00:00,9.077127369635694,40.39950213809945,2340.5847408710583,7.557862017083066,58.88824680077767
BDX,Falling Wedge,2023-03-28 04:00:00+00:00,2023-03-31 04:00:00+00:00,3.8562399186261347,17.16293784294596,2357.7476787140045,2.5328587545877155,175.7181457284446
BNY,Falling Wedge,2023-04-11 04:00:00+00:00,2023-04-12 04:00:00+00:00,5.85529579817803,27.61062015267623,2385.358298866681,11.964593798453029,39.4120806511434
CBOE,Ascending Triangle,2023-04-11 04:00:00+00:00,2023-04-17 04:00:00+00:00,5.3644805624636565,25.296183187310167,2410.654482053991,3.743847465183934,125.95319123655425
ACN,Channel Breakout,2023-04-11 04:00:00+00:00,2023-04-12 04:00:00+00:00,5.112412251006621,24.107556234879798,2434.762038288871,1.849178937797847,255.0048165183844
AJG,Double Top Breakout,2023-04-11 04:00:00+00:00,2023-04-17 04:00:00+00:00,3.029354182409228,14.284905583155837,2449.0469438720265,2.495975656305239,188.92393223130617
BLDR,Inverse Head & Shoulders,2023-04-11 04:00:00+00:00,2023-04-12 04:00:00+00:00,5.750601313298833,27.116933795280055,2476.1638776673067,5.4169964373996695,87.04999923706055
TECH,Channel Breakout,2023-04-25 04:00:00+00:00,2023-05-03 04:00:00+00:00,7.375289929976361,36.524853023861816,2512.6887306911685,6.356664521808052,77.90764697970883
CAT,Falling Wedge,2023-04-25 04:00:00+00:00,2023-04-27 04:00:00+00:00,-4.885828655429023,-24.196224858090346,2488.492505833078,2.3682548531726813,209.1129571084854
CSGP,Falling Wedge,2023-04-25 04:00:00+00:00,2023-04-26 04:00:00+00:00,4.10026029583532,20.30583286716177,2508.79833870024,7.184073259689312,68.93481700865597
RVTY,Falling Wedge,2023-04-25 04:00:00+00:00,2023-04-26 04:00:00+00:00,-4.117715219456211,-20.392275369876753,2488.4060633303634,3.766076434699869,131.49833364253746
XYZ,Falling Wedge,2023-04-25 04:00:00+00:00,2023-04-26 04:00:00+00:00,-0.7561006761468059,-3.7444583643090947,2484.6616049660543,8.154412164633133,60.73187932311757
NI,Inverse Head & Shoulders,2023-05-09 04:00:00+00:00,2023-05-17 04:00:00+00:00,-3.63904890103334,-18.083610165982908,2466.5779948000713,19.423395113663002,25.584215225259648
DTE,Channel Breakout,2023-05-09 04:00:00+00:00,2023-05-18 04:00:00+00:00,-3.62196306767563,-17.99870513771741,2448.579289662354,4.9508619071013555,100.37289068402964
EXR,Falling Wedge,2023-05-09 04:00:00+00:00,2023-05-16 04:00:00+00:00,-4.064751240981865,-20.199062684411523,2428.380226977942,3.688673083303467,134.71845017725803
GPC,Ascending Triangle,2023-05-09 04:00:00+00:00,2023-05-18 04:00:00+00:00,-3.496638551000883,-17.375927108232066,2411.00429986971,3.2557047652465148,152.63433168074263
HRL,Channel Breakout,2023-05-09 04:00:00+00:00,2023-05-16 04:00:00+00:00,-2.735218973695819,-13.592187130233315,2397.4121127394765,14.017774690722012,35.450157529077494
APTV,Falling Wedge,2023-05-23 04:00:00+00:00,2023-05-31 04:00:00+00:00,-4.613857274951385,-22.122634634839205,2375.289478104637,5.177777444989406,92.60390730233024
APH,Falling Wedge,2023-05-23 04:00:00+00:00,2023-05-26 04:00:00+00:00,3.0662312429440792,14.702039844588713,2389.991517949226,13.26902580491625,36.135465376082415
ADI,Inverse Head & Shoulders,2023-05-23 04:00:00+00:00,2023-05-24 04:00:00+00:00,-4.235632909119632,-20.309115282882704,2369.682402666343,2.6693017446526603,179.62840788173514
ANET,Falling Wedge,2023-05-23 04:00:00+00:00,2023-05-25 04:00:00+00:00,9.786084632277397,46.92255566743095,2416.604958333774,13.633004471466379,35.17070822880187
ATO,Inverse Head & Shoulders,2023-05-23 04:00:00+00:00,2023-06-01 04:00:00+00:00,-3.8033128324453362,-18.23621650608387,2398.36874182769,4.474315739242814,107.16329613096052
ARES,Falling Wedge,2023-06-06 04:00:00+00:00,2023-06-07 04:00:00+00:00,4.905532910023003,23.530553586812392,2421.8992954145024,6.234855088993328,76.93422565864086
MO,Falling Wedge,2023-06-06 04:00:00+00:00,2023-06-07 04:00:00+00:00,2.6661460760668736,12.78880281997068,2434.6880982344733,13.98635461486159,34.29583773429049
ALGN,Falling Wedge,2023-06-06 04:00:00+00:00,2023-06-07 04:00:00+00:00,9.654320741367389,46.30924217934856,2480.997340413822,1.7263736307805468,277.8504837036133
AIG,Channel Breakout,2023-06-06 04:00:00+00:00,2023-06-07 04:00:00+00:00,6.3935877302396475,30.66836192067964,2511.6657023345015,9.913263690799303,48.38706639174067
AMP,Falling Wedge,2023-06-06 04:00:00+00:00,2023-06-07 04:00:00+00:00,5.212337219262223,25.002213317087158,2536.667915651589,1.6625260140112772,288.5210482861559
ATO,Falling Wedge,2023-06-20 04:00:00+00:00,2023-06-21 04:00:00+00:00,3.0194407165994206,15.318636778019586,2551.9865524296083,4.800668106584125,105.67978703516474
NOC,Falling Wedge,2023-06-20 04:00:00+00:00,2023-06-28 04:00:00+00:00,-2.09367291532995,-10.621905820372419,2541.364646609236,1.1843283378106395,428.3724090130102
APD,Falling Wedge,2023-06-20 04:00:00+00:00,2023-06-30 04:00:00+00:00,5.726931052666232,29.05464451289442,2570.4192911221303,1.9473212828355433,260.5289571896306
ALGN,Falling Wedge,2023-06-20 04:00:00+00:00,2023-06-21 04:00:00+00:00,8.832339638711055,44.809425163312156,2615.2287162854423,1.6732824557331276,303.1966189521995
AMCR,Falling Wedge,2023-06-20 04:00:00+00:00,2023-06-28 04:00:00+00:00,-2.3996526511465963,-12.17424377774369,2603.0544725076984,11.531473806139632,43.99555439827659
BAX,Inverse Head & Shoulders,2023-07-05 04:00:00+00:00,2023-07-13 04:00:00+00:00,5.249953867457174,27.33183179028697,2630.3863042979856,12.455907808971828,41.79630280552899
ACGL,Falling Wedge,2023-07-05 04:00:00+00:00,2023-07-07 04:00:00+00:00,5.614150756910944,29.227880474219024,2659.6141847722047,7.743447019612906,67.23244740784253
AMT,Falling Wedge,2023-07-05 04:00:00+00:00,2023-07-12 04:00:00+00:00,3.8095005401528432,19.8326748381307,2679.446859610335,3.0382691170264486,171.3511458165566
BEN,Falling Wedge,2023-07-05 04:00:00+00:00,2023-07-12 04:00:00+00:00,8.422722414454748,43.84961050327454,2723.2964701136098,23.556427372228445,22.100587931908017
ABBV,Falling Wedge,2023-07-05 04:00:00+00:00,2023-07-06 04:00:00+00:00,3.934016521479818,20.480918602314436,2743.777388715924,4.430314415393052,117.51104903360492
ETR,Falling Wedge,2023-07-18 04:00:00+00:00,2023-07-19 04:00:00+00:00,3.953381120622293,21.69439545547974,2765.471784171404,12.56448881741163,43.675113704803486
ANET,Falling Wedge,2023-07-18 04:00:00+00:00,2023-07-28 04:00:00+00:00,-0.21871173509501363,-1.200192626801051,2764.271591544603,13.89614442500066,39.48976499955734
AIG,Ascending Triangle,2023-07-18 04:00:00+00:00,2023-07-20 04:00:00+00:00,4.619154527532363,25.34786349525617,2789.619455039859,10.282046457036499,53.37025854105581
AKAM,Falling Wedge,2023-07-18 04:00:00+00:00,2023-07-19 04:00:00+00:00,3.9796164811127914,21.838363433277024,2811.4578184731363,6.092971824105295,90.06368215460529
CDNS,Falling Wedge,2023-07-18 04:00:00+00:00,2023-07-25 04:00:00+00:00,-2.190717257239989,-12.0216809509697,2799.4361375221665,2.303474157766732,238.2294916975388
A,Falling Wedge,2023-08-01 04:00:00+00:00,2023-08-02 04:00:00+00:00,2.2753792004787523,12.739557520773028,2812.1756950429394,4.798898440004421,116.66994717727712
APD,Double Top Breakout,2023-08-01 04:00:00+00:00,2023-08-03 04:00:00+00:00,-2.803004780774001,-15.693665753892274,2796.482029289047,1.993196191414042,280.89920596688984
CRWD,Falling Wedge,2023-08-01 04:00:00+00:00,2023-08-08 04:00:00+00:00,-8.022977542700774,-44.919626527130674,2751.5624027619165,14.349129521335442,39.01889844063
FRT,Inverse Head & Shoulders,2023-08-01 04:00:00+00:00,2023-08-04 04:00:00+00:00,6.517932068191988,36.49306914722249,2788.0554719091388,6.534729990971268,85.6787087267574
CL,Falling Wedge,2023-08-01 04:00:00+00:00,2023-08-02 04:00:00+00:00,2.364404304931872,13.237997709878528,2801.2934696190173,8.044594680491375,69.59794119425227
VRSN,Falling Wedge,2023-08-15 04:00:00+00:00,2023-08-18 04:00:00+00:00,-3.1274816783709682,-17.521988003947435,2783.7714816150697,2.7636305560185637,202.72561131721693
FIX,Double Bottom,2023-08-15 04:00:00+00:00,2023-08-16 04:00:00+00:00,5.241223672945517,29.36441129566975,2813.1358929107396,3.2925254815450655,170.1607769063928
JNJ,Inverse Head & Shoulders,2023-08-15 04:00:00+00:00,2023-08-23 04:00:00+00:00,-4.0198442144714335,-22.52152669376923,2790.61436621697,3.601212454416454,155.5750184182312
LUV,Falling Wedge,2023-08-15 04:00:00+00:00,2023-08-17 04:00:00+00:00,-0.6978307372514048,-3.9096573743235687,2786.7047088426466,18.232389455103583,30.72875858117306
XOM,Falling Wedge,2023-08-15 04:00:00+00:00,2023-09-01 04:00:00+00:00,5.950499015031909,33.338188063566555,2820.042896906213,5.8044664052475525,96.52199785621968
ADSK,Falling Wedge,2023-08-29 04:00:00+00:00,2023-08-30 04:00:00+00:00,5.794270605853213,32.29384236327937,2852.3367392694927,2.660783257565952,209.4649912516276
MPWR,Falling Wedge,2023-08-29 04:00:00+00:00,2023-08-30 04:00:00+00:00,6.262863479501268,34.90550229832965,2887.2422415678225,1.1692232863313337,476.6762245364573
BRO,Falling Wedge,2023-08-29 04:00:00+00:00,2023-08-30 04:00:00+00:00,2.147463393807954,11.968692703183672,2899.210934271006,7.921780375249968,70.35551547349515
CIEN,Falling Wedge,2023-08-29 04:00:00+00:00,2023-08-30 04:00:00+00:00,4.454922925047783,24.82910938552343,2924.040043656529,13.485162587749935,41.32993860043065
ED,Falling Wedge,2023-09-12 04:00:00+00:00,2023-09-14 04:00:00+00:00,4.434823375066016,25.93520227047406,2949.975245927003,7.363372066578923,79.42122215793611
CL,Falling Wedge,2023-09-12 04:00:00+00:00,2023-09-25 04:00:00+00:00,-1.8064611323296915,-10.564329376482267,2939.4109165505206,8.584827629229887,68.1211125008653
COIN,Falling Wedge,2023-09-12 04:00:00+00:00,2023-09-13 04:00:00+00:00,12.611050584429025,73.75043380289708,3013.1613503534177,7.977389382646513,73.30819403192962
CINF,Falling Wedge,2023-09-12 04:00:00+00:00,2023-09-20 04:00:00+00:00,4.974633735120755,29.092056488035468,3042.253406841453,6.013283712759289,97.25268865834995
CVX,Falling Wedge,2023-09-12 04:00:00+00:00,2023-09-13 04:00:00+00:00,2.3849968571194187,13.947652628424299,3056.2010594698772,4.096484711982364,142.7584990176386
IT,Falling Wedge,2023-09-26 04:00:00+00:00,2023-09-28 04:00:00+00:00,-1.957031838436966,-11.962165556094677,3044.2388939137827,1.7245920415661202,354.4259727297024
AEE,Falling Wedge,2023-09-26 04:00:00+00:00,2023-09-27 04:00:00+00:00,-3.0503882430744187,-18.645199560556993,3025.5936943532256,8.487040542551693,72.02041852273295
AJG,Ascending Triangle,2023-09-26 04:00:00+00:00,2023-10-02 04:00:00+00:00,-2.3487240274011714,-14.356345721891635,3011.237348631334,2.7352191458263597,223.47028859704352
HON,Falling Wedge,2023-09-26 04:00:00+00:00,2023-09-29 04:00:00+00:00,-3.218044291726289,-19.66998074758975,2991.5673678837443,3.454227226435846,176.9542568641808
CAH,Falling Wedge,2023-09-26 04:00:00+00:00,2023-10-09 04:00:00+00:00,3.5914535569139567,21.952408331354587,3013.519776215099,7.303017875452367,83.69693492720826
IT,Falling Wedge,2023-10-10 04:00:00+00:00,2023-10-20 04:00:00+00:00,-0.26681446194441594,-1.6081013152993768,3011.9116748997994,1.7225752767331914,349.8854090057698
DE,Falling Wedge,2023-10-10 04:00:00+00:00,2023-10-23 04:00:00+00:00,-1.1405207248471299,-6.87396351902001,3005.0377113807795,1.6570252750986747,363.7264707426561
DHR,Falling Wedge,2023-10-10 04:00:00+00:00,2023-10-12 04:00:00+00:00,-4.387772894839158,-26.445280784276758,2978.5924305965027,2.8233566310629725,213.47071376388828
COR,Falling Wedge,2023-10-10 04:00:00+00:00,2023-10-13 04:00:00+00:00,3.5241760985672976,21.240348735794246,2999.832779332297,3.375468520259794,178.55416266676735
AME,Falling Wedge,2023-10-10 04:00:00+00:00,2023-10-18 04:00:00+00:00,-1.895312116809862,-11.423121092213242,2988.409658240084,4.12666676674276,146.05103569308628
CI,Double Bottom,2023-10-24 04:00:00+00:00,2023-10-25 04:00:00+00:00,3.1054640834079916,18.560797720348262,3006.970455960432,2.140124097769554,279.2744272497671
CME,Double Bottom,2023-10-24 04:00:00+00:00,2023-10-25 04:00:00+00:00,2.350704834891111,14.049738064520513,3021.0201940249526,3.2410799731838864,184.40826409503305
ALGN,Falling Wedge,2023-10-24 04:00:00+00:00,2023-10-26 04:00:00+00:00,-5.800389611091833,-34.66788067068455,2986.352313354268,2.2664677661741934,263.7063454279371
T,Falling Wedge,2023-10-24 04:00:00+00:00,2023-10-25 04:00:00+00:00,3.5562685526160847,21.25517457986678,3007.607487934135,46.67503719509721,12.80517311962202
BBY,Falling Wedge,2023-10-24 04:00:00+00:00,2023-10-26 04:00:00+00:00,-1.2964251394117716,-7.748498815606771,2999.8589891185284,10.095636960000144,59.20200320357085
AAPL,Channel Breakout,2023-11-07 05:00:00+00:00,2023-11-10 05:00:00+00:00,4.401840425712551,26.409801139478255,3026.2687902580064,3.436635600246072,174.58115075707943
AMAT,Falling Wedge,2023-11-07 05:00:00+00:00,2023-11-10 05:00:00+00:00,5.776125500567705,34.65512401030958,3060.923914268316,4.418883563164339,135.7745207013486
APP,Falling Wedge,2023-11-07 05:00:00+00:00,2023-11-08 05:00:00+00:00,7.007919794997948,42.045542384092535,3102.9694566524086,15.962754276302888,37.585731599864246
AJG,Falling Wedge,2023-11-07 05:00:00+00:00,2023-11-08 05:00:00+00:00,3.2831779007654904,19.69814147697331,3122.667598129382,2.6179767923648924,229.17384125538183
OMC,Falling Wedge,2023-11-07 05:00:00+00:00,2023-11-08 05:00:00+00:00,2.3865261144353926,14.318483634310251,3136.9860817636923,8.803435962774325,68.15200341783708
AON,Channel Breakout,2023-11-21 05:00:00+00:00,2023-11-29 05:00:00+00:00,-3.1719088682820873,-19.900467944847467,3117.0856138188446,1.937711807280987,323.78252224881027
AMCR,Ascending Triangle,2023-11-21 05:00:00+00:00,2023-11-29 05:00:00+00:00,3.750949598911383,23.533353370364225,3140.618967189209,15.411160275701311,40.71057630501398
ADBE,Double Bottom,2023-11-21 05:00:00+00:00,2023-11-22 05:00:00+00:00,6.389485462178713,40.08745392897215,3180.706421118181,1.0922653023783166,574.4000244140625
COHR,Double Top Breakout,2023-11-21 05:00:00+00:00,2023-12-04 05:00:00+00:00,9.59772244510793,60.21584345386915,3240.92226457205,17.625993214090393,35.59499931335449
BR,Double Top Breakout,2023-11-21 05:00:00+00:00,2023-11-29 05:00:00+00:00,4.12304971380338,25.86789913324196,3266.790163705292,3.6067372029986373,173.95146389682097
ARES,Falling Wedge,2023-12-05 05:00:00+00:00,2023-12-13 05:00:00+00:00,6.056548466485391,39.5709459126377,3306.3611096179297,6.581909112029017,99.26573302979666
BXP,Falling Wedge,2023-12-05 05:00:00+00:00,2023-12-06 05:00:00+00:00,7.991599043197421,52.21375429318791,3358.5748639111175,12.826495427375605,50.93815660251167
DD,Falling Wedge,2023-12-05 05:00:00+00:00,2023-12-15 05:00:00+00:00,5.2672618311115675,34.41407827907119,3392.988942190189,7.806006939293018,83.69939174051419
AMD,Double Bottom,2023-12-05 05:00:00+00:00,2023-12-06 05:00:00+00:00,7.970871984089514,52.07833238755542,3445.0672745777442,5.869715632660307,111.30999755859376
OKE,Falling Wedge,2023-12-05 05:00:00+00:00,2023-12-12 05:00:00+00:00,-2.1686901559994483,-14.169311339486985,3430.897963238257,10.999170104066451,59.40066628295061
XOM,Falling Wedge,2023-12-19 05:00:00+00:00,2023-12-20 05:00:00+00:00,3.5842713243593964,24.594538372875885,3455.492501611133,7.527400973939555,91.15757152080224
COP,Falling Wedge,2023-12-19 05:00:00+00:00,2023-12-20 05:00:00+00:00,4.867774655117293,33.40167629948945,3488.894177910622,6.678800765482096,102.739940408766
DHR,Channel Breakout,2023-12-19 05:00:00+00:00,2023-12-28 05:00:00+00:00,5.927672429368163,40.6744785293256,3529.5686564399475,3.159937484323311,217.1497366805009
DVN,Falling Wedge,2023-12-19 05:00:00+00:00,2023-12-20 05:00:00+00:00,3.9988460461490654,27.439265510072367,3557.00792195002,16.890366967122148,40.62549937389345
ETR,Inverse Head & Shoulders,2023-12-19 05:00:00+00:00,2023-12-20 05:00:00+00:00,5.206503928325829,35.72596744657014,3592.73388939659,15.490215009584647,44.29761576731339
KR,Ascending Triangle,2024-01-02 05:00:00+00:00,2024-01-03 05:00:00+00:00,3.3456783204366514,24.04026376970444,3616.774153166294,16.844236417457054,42.65831706889541
CHTR,Falling Wedge,2024-01-02 05:00:00+00:00,2024-01-09 05:00:00+00:00,-4.768394514259298,-34.26314513878434,3582.51100802751,1.8770049079390834,382.8156095064605
HSIC,Channel Breakout,2024-01-02 05:00:00+00:00,2024-01-09 05:00:00+00:00,7.567116167300211,54.373269398520605,3636.8842774260306,10.187226306833107,70.53409399547263
IBKR,Falling Wedge,2024-01-02 05:00:00+00:00,2024-01-03 05:00:00+00:00,7.323101340840847,52.61990872544903,3689.5041861514796,36.1828128006617,19.85878714952137
CL,Ascending Triangle,2024-01-02 05:00:00+00:00,2024-01-26 05:00:00+00:00,4.74546566156482,34.09839060654347,3723.602576758023,9.655482498292233,74.4185262628157
PANW,Double Bottom,2024-01-16 05:00:00+00:00,2024-01-18 05:00:00+00:00,5.671068606586576,41.84686272790681,3765.44943948593,4.640885768743999,159.0
CRM,Double Bottom,2024-01-16 05:00:00+00:00,2024-01-19 05:00:00+00:00,3.8002192760587787,28.04184985462482,3793.4912893405544,2.797238777224901,263.7961561373593
TYL,Double Bottom,2024-01-16 05:00:00+00:00,2024-01-22 05:00:00+00:00,2.454521060412233,18.111931454775807,3811.6032207953303,1.7528168035851475,420.9800109863281
ORCL,Falling Wedge,2024-01-16 05:00:00+00:00,2024-01-23 05:00:00+00:00,7.862892105570162,58.02034667751706,3869.6235674728473,7.316387647288139,100.855896762633
ACGL,Falling Wedge,2024-01-30 05:00:00+00:00,2024-01-31 05:00:00+00:00,5.265216132887315,40.74880887131801,3910.3723763441653,10.436623975413966,74.15469938533184
BF-B,Falling Wedge,2024-01-30 05:00:00+00:00,2024-01-31 05:00:00+00:00,-2.0054025616355347,-15.520306029550568,3894.8520703146146,14.879337677854883,52.0133846176777
FIX,Falling Wedge,2024-01-30 05:00:00+00:00,2024-01-31 05:00:00+00:00,4.80320279322971,37.173173456066195,3932.025243770681,3.7447065802845736,206.67165688473145
CMI,Falling Wedge,2024-01-30 05:00:00+00:00,2024-02-02 05:00:00+00:00,4.37258368612844,33.84050576517981,3965.8657495358607,3.4871399833405983,221.9368070085812
DRI,Falling Wedge,2024-01-30 05:00:00+00:00,2024-02-07 05:00:00+00:00,3.6583812442036496,28.313116562742163,3994.178866098603,5.191331966276217,149.08018183428013
CBRE,Falling Wedge,2024-02-13 05:00:00+00:00,2024-02-15 05:00:00+00:00,7.415763719878224,59.239773451836726,4053.41863955044,9.338739357842522,85.54000091552734
CRL,Falling Wedge,2024-02-13 05:00:00+00:00,2024-02-16 05:00:00+00:00,11.586365890989441,92.55603555335148,4145.974675103791,3.6170964507254517,220.8500061035156
SCHW,Falling Wedge,2024-02-13 05:00:00+00:00,2024-02-15 05:00:00+00:00,4.1058763695208045,32.79920924390731,4178.773884347698,13.352170910210194,59.82815667891605
BA,Falling Wedge,2024-02-13 05:00:00+00:00,2024-02-21 05:00:00+00:00,-0.2299190639642721,-1.836675732398537,4176.9372086153,3.951828327630959,202.14333897915208
EBAY,Falling Wedge,2024-02-13 05:00:00+00:00,2024-02-14 05:00:00+00:00,-2.6451153102080154,-21.13012734085341,4155.807081274446,19.732565500812754,40.48311777740293
CVX,Ascending Triangle,2024-02-27 05:00:00+00:00,2024-03-04 05:00:00+00:00,-2.8707125580933983,-23.86025515445605,4131.94682611999,6.066754607860465,137.00264308992897
AJG,Falling Wedge,2024-02-27 05:00:00+00:00,2024-03-06 05:00:00+00:00,5.06351441167069,42.08597809631253,4174.032804216303,3.6306371008474465,228.92990766300585
BBY,Falling Wedge,2024-02-27 05:00:00+00:00,2024-02-29 05:00:00+00:00,8.30748445464108,69.04860544834958,4243.081409664653,12.504361360546367,66.46972142674645
CF,Falling Wedge,2024-02-27 05:00:00+00:00,2024-03-07 05:00:00+00:00,6.478270496370962,53.84488480645953,4296.926294471113,11.261106189257303,73.8081501307383
SCHW,Falling Wedge,2024-02-27 05:00:00+00:00,2024-02-29 05:00:00+00:00,4.00674863148605,33.30254867123284,4330.228843142346,13.42234179881327,61.92372603179991
TER,Falling Wedge,2024-03-12 04:00:00+00:00,2024-03-21 04:00:00+00:00,6.052528653657653,52.41766830002776,4382.646511442374,8.459079099743994,102.38062068182803
HAS,Inverse Head & Shoulders,2024-03-12 04:00:00+00:00,2024-03-21 04:00:00+00:00,5.799999701440808,50.23065199479196,4432.877163437165,18.177331570228333,47.64427414895807
EXPD,Falling Wedge,2024-03-12 04:00:00+00:00,2024-03-13 04:00:00+00:00,3.3467260513944725,28.984179355688475,4461.861342792854,7.622124565154977,113.62262073066242
EXE,Channel Breakout,2024-03-12 04:00:00+00:00,2024-03-20 04:00:00+00:00,5.784872208641131,50.099640983500784,4511.960983776355,11.493510013543105,75.35085170744053
EXC,Falling Wedge,2024-03-12 04:00:00+00:00,2024-03-13 04:00:00+00:00,5.236831465193198,45.35335731450996,4557.314341090864,26.565185093118473,32.6007805175358
CDW,Ascending Triangle,2024-03-26 04:00:00+00:00,2024-04-04 04:00:00+00:00,4.623646974007292,42.14282532556962,4599.457166416434,3.8107454211366383,239.18230358886296
MET,Ascending Triangle,2024-03-26 04:00:00+00:00,2024-03-27 04:00:00+00:00,4.038386935635474,36.808397393291074,4636.265563809725,13.957255449869987,65.30387521327935
CTVA,Falling Wedge,2024-03-26 04:00:00+00:00,2024-03-27 04:00:00+00:00,3.4185670474452716,31.15896926260598,4667.424533072331,17.077804296577757,53.37119763111597
CVS,Falling Wedge,2024-03-26 04:00:00+00:00,2024-04-02 04:00:00+00:00,-3.137083570195421,-28.593351887304244,4638.831181185026,13.029157950363466,69.9556235092496
DLTR,Falling Wedge,2024-03-26 04:00:00+00:00,2024-03-28 04:00:00+00:00,8.957565032284572,81.64487916576905,4720.476060350796,7.429265720315227,122.68545809659088
NI,Inverse Head & Shoulders,2024-04-09 04:00:00+00:00,2024-04-19 04:00:00+00:00,3.4307239495457726,32.3893005470059,4752.865360897802,37.986202494973725,24.85363500589669
BRK-B,Falling Wedge,2024-04-09 04:00:00+00:00,2024-04-10 04:00:00+00:00,-0.3181058564540322,-3.003222160097292,4749.862138737704,2.3004675349055588,410.3927561442058
BNY,Double Bottom,2024-04-09 04:00:00+00:00,2024-04-15 04:00:00+00:00,-3.249277931504682,-30.676277378188004,4719.185861359516,17.70194341868976,53.33285672314266
COST,Falling Wedge,2024-04-09 04:00:00+00:00,2024-04-11 04:00:00+00:00,3.324763089846785,31.38892914391938,4750.574790503435,1.3591445813418572,694.6245638841986
DDOG,Falling Wedge,2024-04-09 04:00:00+00:00,2024-04-19 04:00:00+00:00,-3.285504436428438,-31.018290076673548,4719.556500426762,7.628515802503747,123.75870175956096
GS,Falling Wedge,2024-04-23 04:00:00+00:00,2024-05-03 04:00:00+00:00,4.87454368302165,46.01136865163808,4765.5678690784,2.394405726378532,394.2152700716225
ACN,Falling Wedge,2024-04-23 04:00:00+00:00,2024-05-01 04:00:00+00:00,-3.1526671311911043,-29.758381305389534,4735.80948777301,3.2024571812368894,294.7459549547464
ALL,Double Bottom,2024-04-23 04:00:00+00:00,2024-05-03 04:00:00+00:00,-4.31214161064388,-40.70279193855011,4695.10669583446,5.6539999803837,166.94575581185185
MDLZ,Falling Wedge,2024-04-23 04:00:00+00:00,2024-04-24 04:00:00+00:00,2.9014458056863424,27.387074825725882,4722.493770660186,14.692598925541203,64.24399827892147
AXP,Falling Wedge,2024-04-23 04:00:00+00:00,2024-04-24 04:00:00+00:00,3.973873329609553,37.50983940926262,4760.003610069449,4.291260183644176,219.9613306326662
DLTR,Falling Wedge,2024-05-07 04:00:00+00:00,2024-05-17 04:00:00+00:00,-0.568463914152468,-5.411780567119913,4754.591829502328,8.078757220288232,117.83999643201612
DTE,Double Top Breakout,2024-05-07 04:00:00+00:00,2024-05-10 04:00:00+00:00,3.866947291201864,36.8133661321383,4791.4051956344665,9.149116700068046,104.05383964626984
DLR,Falling Wedge,2024-05-07 04:00:00+00:00,2024-05-08 04:00:00+00:00,-1.9045029235945758,-18.130881583396,4773.27431405107,7.126079789100823,133.59389035609078
DELL,Falling Wedge,2024-05-07 04:00:00+00:00,2024-05-10 04:00:00+00:00,9.496785069847945,90.40946243305973,4863.68377648413,8.047955338456164,118.29100460645842
BDX,Falling Wedge,2024-05-07 04:00:00+00:00,2024-05-13 04:00:00+00:00,2.756291260741534,26.23991270306515,4889.923689187195,5.485233123658978,173.557021288249
XYZ,Falling Wedge,2024-05-21 04:00:00+00:00,2024-05-22 04:00:00+00:00,-6.834828326554216,-66.84357789109028,4823.080111296104,13.454611439793927,72.68769835633529
DXCM,Falling Wedge,2024-05-21 04:00:00+00:00,2024-05-30 04:00:00+00:00,-4.767770454737012,-46.628067382450645,4776.452043913654,7.630668037250813,128.16502212692097
CCI,Falling Wedge,2024-05-21 04:00:00+00:00,2024-05-31 04:00:00+00:00,7.839381467531244,76.66795429331222,4853.119998206967,11.626787523704976,84.11478543350862
COIN,Falling Wedge,2024-05-21 04:00:00+00:00,2024-05-22 04:00:00+00:00,9.484284305781589,92.75485300365544,4945.874851210622,4.54453845785655,215.2000135782126
CB,Falling Wedge,2024-05-21 04:00:00+00:00,2024-05-22 04:00:00+00:00,5.250671052253654,51.350761525089204,4997.225612735711,3.951172013665027,247.51763133953773
EXPD,Falling Wedge,2024-06-04 04:00:00+00:00,2024-06-05 04:00:00+00:00,3.3903380958537426,33.88456873686789,5031.110181472579,8.71886277019504,114.6302159914354
DLTR,Falling Wedge,2024-06-04 04:00:00+00:00,2024-06-10 04:00:00+00:00,-5.722138272110048,-57.18963186600721,4973.9205496065715,8.563699758026408,116.70716521914528
LUV,Falling Wedge,2024-06-04 04:00:00+00:00,2024-06-10 04:00:00+00:00,5.644838695734654,56.417065020173716,5030.337614626746,38.30044134427886,26.094872212130127
CMCSA,Falling Wedge,2024-06-04 04:00:00+00:00,2024-06-12 04:00:00+00:00,-3.2853954346503498,-32.83572442799941,4997.501890198746,29.935009190115302,33.387166050283504
APTV,Inverse Head & Shoulders,2024-06-04 04:00:00+00:00,2024-06-10 04:00:00+00:00,-4.659939031401572,-46.57353336301356,4950.928356835732,12.014728038468167,83.18499755859375
WSM,Falling Wedge,2024-06-18 04:00:00+00:00,2024-07-01 04:00:00+00:00,-8.199999999999998,-81.19522505210598,4869.733131783626,6.782274515359841,145.99610633935112
CTAS,Falling Wedge,2024-06-18 04:00:00+00:00,2024-06-20 04:00:00+00:00,2.85586786048914,28.27839434774295,4898.011526131369,5.884792524027416,168.26178107796505
CL,Falling Wedge,2024-06-18 04:00:00+00:00,2024-06-24 04:00:00+00:00,3.8318110382355623,37.942043854473226,4935.953569985842,11.06921007046918,89.45405002374991
CPAY,Falling Wedge,2024-06-18 04:00:00+00:00,2024-06-20 04:00:00+00:00,4.376791589808609,43.33836318788718,4979.2919331737285,3.9649118444808336,249.73712158203145
ECL,Ascending Triangle,2024-06-18 04:00:00+00:00,2024-06-20 04:00:00+00:00,3.685866144794328,36.496918431526076,5015.788851605254,4.304726375648657,230.02290621037224
NTRS,Falling Wedge,2024-07-02 04:00:00+00:00,2024-07-11 04:00:00+00:00,4.52770329684677,45.42000743940077,5061.208859044656,12.706358346410028,78.9492742902593
DG,Falling Wedge,2024-07-02 04:00:00+00:00,2024-07-12 04:00:00+00:00,5.56841498152328,55.85998757087229,5117.068846615528,8.214496511604949,122.1204207590629
EW,Falling Wedge,2024-07-02 04:00:00+00:00,2024-07-03 04:00:00+00:00,3.521491834381056,35.32611896781487,5152.394965583343,11.547843726741254,86.86970434125689
EXPE,Channel Breakout,2024-07-02 04:00:00+00:00,2024-07-10 04:00:00+00:00,7.556037644142193,75.7989787555961,5228.193944338939,8.437441343287745,118.89359931599348
FFIV,Falling Wedge,2024-07-02 04:00:00+00:00,2024-07-12 04:00:00+00:00,3.7182273981346112,37.299687062593584,5265.493631401533,5.963192279384481,168.22495792884217
AXON,Ascending Triangle,2024-07-16 04:00:00+00:00,2024-07-17 04:00:00+00:00,4.620702109453664,48.6605550598638,5314.154186461397,3.4789604397355176,302.7050018310547
AJG,Double Top Breakout,2024-07-16 04:00:00+00:00,2024-07-17 04:00:00+00:00,3.331380315385402,35.08272366887653,5349.236910130274,4.088233390701056,257.5926141290382
ADM,Falling Wedge,2024-07-16 04:00:00+00:00,2024-07-17 04:00:00+00:00,4.133608076537105,43.530974003432135,5392.767884133706,18.335693960312,57.43435337433976
AOS,Double Bottom,2024-07-16 04:00:00+00:00,2024-07-23 04:00:00+00:00,-4.384401816999717,-46.172079689834646,5346.595804443871,12.87358334440788,81.80307674302348
AMP,Falling Wedge,2024-07-16 04:00:00+00:00,2024-07-17 04:00:00+00:00,-2.686141651972436,-28.287723523006512,5318.308080920865,2.474130991622332,425.643884598758
CASY,Falling Wedge,2024-07-30 04:00:00+00:00,2024-08-01 04:00:00+00:00,-0.5357041969641028,-5.6980799193948215,5312.61000100147,2.796407608261099,380.3671585794296
CHRW,Falling Wedge,2024-07-30 04:00:00+00:00,2024-08-01 04:00:00+00:00,4.165675388102873,44.30869015808133,5356.918691159551,12.55285625869451,84.7346288576711
GIS,Falling Wedge,2024-07-30 04:00:00+00:00,2024-08-05 04:00:00+00:00,5.010788118098011,53.29782988052582,5410.216521040076,17.718855160249102,60.02992894091806
IFF,Falling Wedge,2024-07-30 04:00:00+00:00,2024-08-05 04:00:00+00:00,-4.187673936371637,-44.54268027213393,5365.673840767942,11.24866711621062,94.55890241887543
A,Falling Wedge,2024-07-30 04:00:00+00:00,2024-07-31 04:00:00+00:00,8.885691268266275,94.51368735317699,5460.18752812112,8.393959006203843,126.71751379748667
HCA,Inverse Head & Shoulders,2024-08-13 04:00:00+00:00,2024-08-21 04:00:00+00:00,5.988951434986147,65.40159586366889,5525.589123984789,3.106085299244445,351.58001162745336
TER,Falling Wedge,2024-08-13 04:00:00+00:00,2024-08-15 04:00:00+00:00,14.960110658331441,163.37001927186634,5688.959143256655,9.717308811427078,112.3806525876837
CNC,Channel Breakout,2024-08-13 04:00:00+00:00,2024-08-15 04:00:00+00:00,7.167838139072816,78.27548082111258,5767.234624077768,15.079712544947343,72.41766063970003
FSLR,Falling Wedge,2024-08-13 04:00:00+00:00,2024-08-14 04:00:00+00:00,9.676954997378955,105.67597797375583,5872.910602051524,5.258441522373005,207.67322427718364
RMD,Inverse Head & Shoulders,2024-08-13 04:00:00+00:00,2024-08-19 04:00:00+00:00,7.854936191940252,85.77884925883873,5958.6894513103625,5.2172758958327226,209.31181854815927
CHD,Falling Wedge,2024-08-27 04:00:00+00:00,2024-09-03 04:00:00+00:00,2.645640988104,31.529106095539262,5990.218557405902,12.305698673210586,96.84439070952364
ARES,Falling Wedge,2024-08-27 04:00:00+00:00,2024-09-04 04:00:00+00:00,-3.2093722260334157,-38.247304857187544,5951.971252548715,8.763921324583748,135.98226708392724
BBY,Falling Wedge,2024-08-27 04:00:00+00:00,2024-08-29 04:00:00+00:00,13.363727990313455,159.26061001212366,6111.231862560839,15.46664316488027,77.05213584859337
XYZ,Channel Breakout,2024-08-27 04:00:00+00:00,2024-08-29 04:00:00+00:00,7.298970459001299,86.984596558954,6198.2164591197925,19.00884724828838,62.69385379849274
AVGO,Falling Wedge,2024-08-27 04:00:00+00:00,2024-09-06 04:00:00+00:00,-3.3755213796988404,-40.22736727576817,6157.989091844024,8.288989175276459,143.7736091894854
ECHO,Falling Wedge,2024-09-10 04:00:00+00:00,2024-09-11 04:00:00+00:00,13.544881225927245,166.81846167916578,6324.80755352319,61.98968751798571,19.867785557258514
CCL,Falling Wedge,2024-09-10 04:00:00+00:00,2024-09-18 04:00:00+00:00,18.05242243540782,222.3332408772034,6547.140794400393,79.98475881322663,15.397906259175247
CHD,Ascending Triangle,2024-09-10 04:00:00+00:00,2024-09-11 04:00:00+00:00,2.972495821764889,36.60919369196025,6583.749988092353,12.304585414192571,100.09258962502172
CSGP,Falling Wedge,2024-09-10 04:00:00+00:00,2024-09-18 04:00:00+00:00,-3.4606365442080866,-42.6211241801404,6541.128863912213,15.911592867990437,77.40254722369289
D,Double Top Breakout,2024-09-10 04:00:00+00:00,2024-09-16 04:00:00+00:00,3.213055464433638,39.57192100294436,6580.700784915158,23.534897192748076,52.33070738665913
CSCO,Inverse Head & Shoulders,2024-09-24 04:00:00+00:00,2024-09-25 04:00:00+00:00,5.206356329251259,68.52294636490352,6649.223731280062,27.662757153246876,47.57805412135325
EXPD,Falling Wedge,2024-09-24 04:00:00+00:00,2024-10-04 04:00:00+00:00,-2.9275283670176013,-38.530376445388235,6610.693354834673,10.917051115421181,120.55821146828576
BKNG,Falling Wedge,2024-09-24 04:00:00+00:00,2024-09-26 04:00:00+00:00,9.890605168105862,130.17422638608033,6740.867581220754,8.691299491774467,151.43191857887763
CMI,Falling Wedge,2024-09-24 04:00:00+00:00,2024-09-25 04:00:00+00:00,4.715961904371399,62.0686684114537,6802.936249632207,4.395135647452443,299.4538195302135
GLW,Falling Wedge,2024-09-24 04:00:00+00:00,2024-09-25 04:00:00+00:00,10.524659316253576,138.51926764686908,6941.455517279076,33.18058231252917,39.6659752558366
COP,Double Top Breakout,2024-10-08 04:00:00+00:00,2024-10-15 04:00:00+00:00,-4.608376934837824,-63.9776870000633,6877.477830279013,13.111904307596847,105.88020404110632
CCL,Falling Wedge,2024-10-08 04:00:00+00:00,2024-10-09 04:00:00+00:00,13.263526689390583,184.13636103329708,7061.61419131231,78.94991644239181,17.584453106658113
CAH,Falling Wedge,2024-10-08 04:00:00+00:00,2024-10-09 04:00:00+00:00,2.866059984483284,39.78925578428855,7101.403447096599,12.852065136137105,108.0208580294426
IVZ,Inverse Head & Shoulders,2024-10-08 04:00:00+00:00,2024-10-18 04:00:00+00:00,7.826491735516124,108.65448847687497,7210.0579355734735,86.36982297987022,16.07379818040587
AFL,Falling Wedge,2024-10-08 04:00:00+00:00,2024-10-11 04:00:00+00:00,2.699864994819889,37.481985528402326,7247.539921101876,13.18459387223219,105.2964631985872
VTR,Falling Wedge,2024-10-22 04:00:00+00:00,2024-10-23 04:00:00+00:00,2.6149821374806956,37.90437486871931,7285.444295970595,24.183368820842364,59.93821600947181
MRSH,Falling Wedge,2024-10-22 04:00:00+00:00,2024-10-23 04:00:00+00:00,1.6671912605447805,24.16607043382091,7309.610366404416,6.8582736010753935,211.35172909886373
LNT,Ascending Triangle,2024-10-22 04:00:00+00:00,2024-11-01 04:00:00+00:00,-2.7064213002881004,-39.22979283431691,7270.380573570099,25.55093735756975,56.73012946395652
JPM,Falling Wedge,2024-10-22 04:00:00+00:00,2024-10-25 04:00:00+00:00,4.290961138667136,62.19782430477366,7332.578397874872,6.953472715700237,208.45813933339136
KVUE,Falling Wedge,2024-10-22 04:00:00+00:00,2024-10-24 04:00:00+00:00,3.9823636893216845,57.724679637410915,7390.303077512283,71.41511964057194,20.2969341998678
GOOG,Ascending Triangle,2024-11-05 05:00:00+00:00,2024-11-07 05:00:00+00:00,6.151432426037397,90.92189997850605,7481.22497749079,8.76175467686664,168.69459029764084
CDNS,Falling Wedge,2024-11-05 05:00:00+00:00,2024-11-13 05:00:00+00:00,8.372783206745963,123.75481100031571,7604.979788491105,5.250291028710471,281.5197495567183
COP,Falling Wedge,2024-11-05 05:00:00+00:00,2024-11-06 05:00:00+00:00,5.237769970308399,77.41741506174316,7682.397203552848,14.705723950597099,100.50920447493118
STZ,Falling Wedge,2024-11-05 05:00:00+00:00,2024-11-06 05:00:00+00:00,-2.6584637181000708,-39.293705194659395,7643.1034983581885,6.531290827162804,226.3045169195944
CLX,Falling Wedge,2024-11-05 05:00:00+00:00,2024-11-06 05:00:00+00:00,3.052102991940722,45.11193226844793,7688.215430626637,9.929459036579154,148.8561068692087
COP,Falling Wedge,2024-11-19 05:00:00+00:00,2024-11-25 05:00:00+00:00,-3.0321567120018527,-46.62374804258154,7641.591682584055,14.752676198431285,104.22807804111036
MSI,Double Bottom,2024-11-19 05:00:00+00:00,2024-11-22 05:00:00+00:00,3.5957093637490867,55.289176428848826,7696.880859012904,3.2623789574448248,471.3257123659377
ATO,Double Bottom,2024-11-19 05:00:00+00:00,2024-11-21 05:00:00+00:00,2.457304813277782,37.7845775663907,7734.665436579295,11.147838104378657,137.93195341806862
BLDR,Falling Wedge,2024-11-19 05:00:00+00:00,2024-11-25 05:00:00+00:00,6.851465245277071,105.35108164228257,7840.016518221577,8.703587932772358,176.66772577036986
CNP,Double Bottom,2024-11-19 05:00:00+00:00,2024-11-20 05:00:00+00:00,2.6236430460493083,40.342265902185126,7880.358784123762,53.24587112989725,28.87816563981333
ECL,Falling Wedge,2024-12-03 05:00:00+00:00,2024-12-06 05:00:00+00:00,3.5220481047417906,55.51000544061683,7935.868789564379,6.628955935316018,237.7556544656104
DHI,Falling Wedge,2024-12-03 05:00:00+00:00,2024-12-04 05:00:00+00:00,-2.3676425337658404,-37.31574527725336,7898.553044287126,9.67649696115956,162.8762725964715
CI,Falling Wedge,2024-12-03 05:00:00+00:00,2024-12-05 05:00:00+00:00,-2.3087918327218997,-36.38821599940644,7862.1648282877195,4.8919537437352085,322.1763408624049
CB,Falling Wedge,2024-12-03 05:00:00+00:00,2024-12-06 05:00:00+00:00,-0.3205613765444284,-5.052277319005382,7857.1125509687145,5.657553235323428,278.57833435563816
AVY,Falling Wedge,2024-12-03 05:00:00+00:00,2024-12-12 05:00:00+00:00,-3.260739964951875,-51.39160165110383,7805.720949317611,8.035030574891055,196.15006341729097
MU,Falling Wedge,2024-12-17 05:00:00+00:00,2024-12-19 05:00:00+00:00,-8.2,-128.0138235688088,7677.707125748801,15.001514596138467,104.06577148319248
APH,Ascending Triangle,2024-12-17 05:00:00+00:00,2024-12-18 05:00:00+00:00,-3.4153336099240135,-53.31828221578482,7624.388843533016,21.145562354343905,73.82845458081744
ABBV,Falling Wedge,2024-12-17 05:00:00+00:00,2024-12-23 05:00:00+00:00,4.289131035049651,66.95951994931077,7691.348363482327,9.768083673325114,159.8209272230875
VRTX,Falling Wedge,2024-12-17 05:00:00+00:00,2024-12-19 05:00:00+00:00,-4.179333250965804,-65.2454182224869,7626.10294525984,3.4026668230585053,458.80019145109225
CHRW,Falling Wedge,2024-12-17 05:00:00+00:00,2024-12-20 05:00:00+00:00,-4.162677519398082,-64.98539823683815,7561.117547023002,14.803518545745371,105.457644075584
MDT,Falling Wedge,2024-12-31 05:00:00+00:00,2025-01-08 05:00:00+00:00,3.754952696597062,56.78327744496277,7617.900824467964,20.138480208091586,75.0912429229388
KO,Falling Wedge,2024-12-31 05:00:00+00:00,2025-01-06 05:00:00+00:00,-0.5273598395810648,-7.974859473303249,7609.925964994661,25.618277246368347,59.02908672826443
GL,Falling Wedge,2024-12-31 05:00:00+00:00,2025-01-02 05:00:00+00:00,5.451773971854407,82.44300768198329,7692.368972676644,14.445368838585084,104.68569728488303
SRE,Falling Wedge,2024-12-31 05:00:00+00:00,2025-01-07 05:00:00+00:00,-1.964930512294808,-29.714141150386343,7662.654831526258,18.483708404894298,81.81385879276148
OKE,Falling Wedge,2024-12-31 05:00:00+00:00,2025-01-13 05:00:00+00:00,4.073881094735548,61.60618765978046,7724.2610191860385,16.514566716995216,91.56906961708928
MSI,Falling Wedge,2025-01-14 05:00:00+00:00,2025-01-17 05:00:00+00:00,2.708813969491681,41.84717230554238,7766.108191491581,3.456350331234087,446.9605380787947
AFL,Falling Wedge,2025-01-14 05:00:00+00:00,2025-01-15 05:00:00+00:00,4.748953896271158,73.36431892575794,7839.472510417339,16.113416149693016,95.87366139405762
A,Falling Wedge,2025-01-14 05:00:00+00:00,2025-01-17 05:00:00+00:00,7.915814661237028,122.28763724578904,7961.760147663129,11.396572503206633,135.5541065879707
ETR,Falling Wedge,2025-01-14 05:00:00+00:00,2025-01-15 05:00:00+00:00,3.6823427224531238,56.88675270065612,8018.646900363785,21.306837162769224,72.5049988431237
AON,Falling Wedge,2025-01-14 05:00:00+00:00,2025-01-15 05:00:00+00:00,3.536883962982339,54.63962984929744,8073.286530213082,4.545738439798184,339.8462591494363
TJX,Falling Wedge,2025-01-28 05:00:00+00:00,2025-02-06 05:00:00+00:00,3.9611890435306547,63.95962829752735,8137.246158510609,13.48605645652065,119.72790646756582
CBOE,Falling Wedge,2025-01-28 05:00:00+00:00,2025-02-03 05:00:00+00:00,5.6802799718901635,91.71705556980001,8228.96321408041,8.29956808196967,194.54714873059064
BLDR,Channel Breakout,2025-01-28 05:00:00+00:00,2025-02-07 05:00:00+00:00,-7.220550423104405,-116.58714494314634,8112.376069137264,9.63809847690793,167.52861676099275
BAC,Falling Wedge,2025-01-28 05:00:00+00:00,2025-01-31 05:00:00+00:00,-0.3631616174647904,-5.863815589137777,8106.512253548126,36.07614617899343,44.75692325980223
AJG,Falling Wedge,2025-01-28 05:00:00+00:00,2025-01-31 05:00:00+00:00,4.41663663721717,71.31354614418197,8177.825799692308,5.669412786486996,284.80150711395373
BKNG,Falling Wedge,2025-02-11 05:00:00+00:00,2025-02-12 05:00:00+00:00,5.634736009230829,92.15977902148626,8269.985578713793,8.737339394708998,187.1925864444384
CVS,Channel Breakout,2025-02-11 05:00:00+00:00,2025-02-12 05:00:00+00:00,9.877419109121156,161.55162564988962,8431.537204363683,32.50119102501697,50.323237652414846
CSX,Falling Wedge,2025-02-11 05:00:00+00:00,2025-02-21 05:00:00+00:00,-0.5905126614256938,-9.658219355304015,8421.87898500838,51.97703365067119,31.467073918277386
COO,Falling Wedge,2025-02-11 05:00:00+00:00,2025-02-12 05:00:00+00:00,-0.30388376023464503,-4.970216909108783,8416.90876809927,17.603757350894163,92.91000366210938
BRO,Falling Wedge,2025-02-11 05:00:00+00:00,2025-02-18 05:00:00+00:00,5.839520643818669,95.50916515771229,8512.417933256984,15.75361434225165,103.82158179103244
CCI,Falling Wedge,2025-02-25 05:00:00+00:00,2025-02-27 05:00:00+00:00,3.050773294943126,51.93891461235073,8564.356847869334,20.24563955992937,84.09137096468866
CHD,Falling Wedge,2025-02-25 05:00:00+00:00,2025-02-26 05:00:00+00:00,2.547249520908177,43.36650500451805,8607.723352873852,16.30768349275693,104.39763485767652
CHRW,Falling Wedge,2025-02-25 05:00:00+00:00,2025-03-10 04:00:00+00:00,3.9371608983579094,67.02951807460009,8674.752870948452,17.534234148875942,97.09483586202349
CPT,Channel Breakout,2025-02-25 05:00:00+00:00,2025-02-27 05:00:00+00:00,4.523309261020421,77.00859774235525,8751.761468690807,15.290103454006926,111.3454589612501
O,Falling Wedge,2025-02-25 05:00:00+00:00,2025-03-03 05:00:00+00:00,4.674856795456105,79.58866964209764,8831.350138332906,33.809746286982374,50.35481698680765
GWW,Falling Wedge,2025-03-11 04:00:00+00:00,2025-03-12 04:00:00+00:00,-3.5606740114131714,-62.89111784650419,8768.459020486402,1.7800917912244647,992.2353647008416
CHRW,Falling Wedge,2025-03-11 04:00:00+00:00,2025-03-12 04:00:00+00:00,-3.2580765609870745,-57.546429775144794,8710.912590711258,18.369915762976632,96.1501430086241
COR,Falling Wedge,2025-03-11 04:00:00+00:00,2025-03-18 04:00:00+00:00,5.190152333060671,91.67210504908843,8802.584695760346,7.105230819656046,248.58728343917247
XEL,Ascending Triangle,2025-03-11 04:00:00+00:00,2025-03-17 04:00:00+00:00,3.967280756963917,70.07289092363753,8872.657586683983,27.116563833830657,65.13620377899727
EFX,Falling Wedge,2025-03-11 04:00:00+00:00,2025-03-12 04:00:00+00:00,-5.057662050579677,-89.33196890005584,8783.325617783927,7.201823381483388,245.2531718853088
COP,Falling Wedge,2025-03-25 04:00:00+00:00,2025-04-04 04:00:00+00:00,-5.3369699052536195,-93.75268898031194,8689.572928803615,18.903167939204266,92.92966814909082
GOOG,Falling Wedge,2025-03-25 04:00:00+00:00,2025-03-28 04:00:00+00:00,-3.5462930431597264,-62.29649306830749,8627.276435735306,10.967754300067865,160.16634540636232
T,Falling Wedge,2025-03-25 04:00:00+00:00,2025-04-07 04:00:00+00:00,-1.1240645314101714,-19.746049589554488,8607.530386145752,71.70519115395265,24.498437216145007
AXON,Falling Wedge,2025-03-25 04:00:00+00:00,2025-03-31 04:00:00+00:00,-0.4170519532341082,-7.3262062095759335,8600.204179936176,3.3682416568181424,521.5377346814968
INTU,Falling Wedge,2025-03-25 04:00:00+00:00,2025-04-04 04:00:00+00:00,-5.681376914855252,-99.8027668010687,8500.401413135107,2.9487599091592482,595.7301298421568
ROST,Falling Wedge,2025-04-08 04:00:00+00:00,2025-04-09 04:00:00+00:00,5.562146984558894,94.5609641752192,8594.962377310327,13.681733940408996,124.25912461327982
MSI,Falling Wedge,2025-04-08 04:00:00+00:00,2025-04-09 04:00:00+00:00,3.5236571234893117,59.90499998382426,8654.867377294151,4.345839946720516,391.1971686647011
HCA,Channel Breakout,2025-04-08 04:00:00+00:00,2025-04-09 04:00:00+00:00,5.5099503328897,93.67357919199972,8748.540956486151,5.2722368412093195,322.4590119583978
INCY,Falling Wedge,2025-04-08 04:00:00+00:00,2025-04-09 04:00:00+00:00,-3.7425027582724266,-63.625551470161945,8684.915405015989,29.849639400471112,56.954801356836136
NWSA,Falling Wedge,2025-04-22 04:00:00+00:00,2025-05-05 04:00:00+00:00,9.607845568256332,166.88665196952803,8851.802056985516,69.5006892981415,24.99231444384604
DLR,Falling Wedge,2025-04-22 04:00:00+00:00,2025-04-23 04:00:00+00:00,7.9605678636679675,138.2737169436903,8990.075773929206,12.868322681893286,134.9813121680004
COST,Falling Wedge,2025-04-22 04:00:00+00:00,2025-05-19 04:00:00+00:00,9.337127532435472,162.18432549009552,9152.260099419302,1.8531869657004063,937.2951100736402
MO,Double Top Breakout,2025-05-06 04:00:00+00:00,2025-05-12 04:00:00+00:00,-3.947033584348719,-70.96826201107675,9081.291837408226,32.7787646188458,54.8530481759551
AMZN,Falling Wedge,2025-05-06 04:00:00+00:00,2025-05-07 04:00:00+00:00,7.8098776316769,140.4227833877802,9221.714620796005,10.47223102862287,171.6936104514384
HRL,Falling Wedge,2025-04-08 04:00:00+00:00,2025-06-02 19:26:19.412348+00:00,4.682793996480519,79.6112574102072,9301.325878206213,61.415309281442944,27.681701883746964
AMCR,Falling Wedge,2025-05-20 04:00:00+00:00,2025-05-21 04:00:00+00:00,-0.3578406607433826,-6.599808906185109,9294.726069300028,41.4019580735127,44.54723906739901
CPAY,Channel Breakout,2025-05-20 04:00:00+00:00,2025-06-02 04:00:00+00:00,-5.641331406291177,-104.04549662030206,9190.680572679727,5.455444349244694,338.073822421917
AEE,Falling Wedge,2025-05-20 04:00:00+00:00,2025-05-22 04:00:00+00:00,-3.4557883640871965,-63.73658816695921,9126.943984512767,19.44719239377895,94.8385189395872
ABT,Falling Wedge,2025-04-22 04:00:00+00:00,2025-06-16 19:26:19.412348+00:00,4.253632854749,73.88488301498346,9200.82886752775,13.913965338899725,124.83738737993386
ARES,Channel Breakout,2025-06-03 04:00:00+00:00,2025-06-06 04:00:00+00:00,10.28852219064421,187.80553143485255,9388.634398962604,12.091576774854376,150.96366924606798
BLK,Channel Breakout,2025-06-03 04:00:00+00:00,2025-06-04 04:00:00+00:00,3.979198523728373,72.63584405864951,9461.270243021254,1.983830001223475,920.1336786805284
CHD,Falling Wedge,2025-06-03 04:00:00+00:00,2025-06-04 04:00:00+00:00,10.798620571495261,197.11681013208897,9658.387053153343,20.496152034792356,89.06007302267975
CINF,Ascending Triangle,2025-06-03 04:00:00+00:00,2025-06-13 04:00:00+00:00,-3.682468047231613,-67.21935918368209,9591.16769396966,12.488009396208618,146.17131834131584
AXP,Channel Breakout,2025-06-17 04:00:00+00:00,2025-06-18 04:00:00+00:00,7.6134949371053615,146.04461335793306,9737.212307327594,7.035527083176458,272.649584901871
AMGN,Channel Breakout,2025-06-17 04:00:00+00:00,2025-06-23 04:00:00+00:00,-4.290947475230635,-82.3103936019055,9654.90191372569,6.998719309916983,274.0835078320473
AMT,Falling Wedge,2025-06-17 04:00:00+00:00,2025-06-23 04:00:00+00:00,4.276334268177116,82.0300781631115,9736.931991888801,9.432184753647787,203.37107349939023
AWK,Falling Wedge,2025-06-17 04:00:00+00:00,2025-06-23 04:00:00+00:00,4.0650437795386605,77.97703314576705,9814.909025034569,14.467797707838471,132.5864224487088
CAH,Ascending Triangle,2025-06-17 04:00:00+00:00,2025-06-18 04:00:00+00:00,4.018180011617396,77.07807663195881,9891.987101666527,12.453375571316974,154.03321997387368
MPWR,Falling Wedge,2025-07-01 04:00:00+00:00,2025-07-02 04:00:00+00:00,7.235693244668387,143.1507684957506,10035.137870162278,2.8119190222026056,703.5755314118562
F,Falling Wedge,2025-07-01 04:00:00+00:00,2025-07-02 04:00:00+00:00,5.492312711582318,108.65977300258278,10143.79764316486,195.85990975799695,10.101084100252056
FTNT,Falling Wedge,2025-07-01 04:00:00+00:00,2025-07-02 04:00:00+00:00,-2.690206013677286,-53.22296637624289,10090.574676788618,19.000116577165386,104.12554114067764
ALGN,Falling Wedge,2025-07-01 04:00:00+00:00,2025-07-02 04:00:00+00:00,6.7918894926109195,134.37056651370327,10224.945243302322,10.875806884016994,181.9081049738704
FITB,Ascending Triangle,2025-07-01 04:00:00+00:00,2025-07-02 04:00:00+00:00,3.908216817305603,77.32006069460647,10302.265303996928,51.70125274771219,38.26594744207336
JNJ,Channel Breakout,2025-07-15 04:00:00+00:00,2025-07-16 04:00:00+00:00,3.4631241054869046,71.35604663078627,10373.621350627714,13.83342401751904,148.94743761125008
CINF,Falling Wedge,2025-07-15 04:00:00+00:00,2025-07-16 04:00:00+00:00,-1.6486923824498343,-33.97053265735392,10339.650817970361,14.232158323530411,144.77446174785612
FE,Falling Wedge,2025-07-15 04:00:00+00:00,2025-07-17 04:00:00+00:00,2.4926828135039045,51.36055932686144,10391.011377297224,54.71180883965993,37.66011587805132
XOM,Inverse Head & Shoulders,2025-07-15 04:00:00+00:00,2025-07-18 04:00:00+00:00,-3.978794541987665,-81.98119392330375,10309.03018337392,18.899409324039283,109.02208769977656
DLR,Falling Wedge,2025-07-15 04:00:00+00:00,2025-07-17 04:00:00+00:00,3.2724388018855417,67.42706545623739,10376.457248830156,12.600523528039115,163.52122641685443
CDW,Falling Wedge,2025-07-29 04:00:00+00:00,2025-07-31 04:00:00+00:00,-2.4965688916083932,-51.811080745067564,10324.646168085088,11.763118745879547,176.42357393467412
FANG,Falling Wedge,2025-07-29 04:00:00+00:00,2025-08-11 04:00:00+00:00,-5.400521132504905,-112.07655330568194,10212.569614779406,14.747273949663223,140.7237335421862
CRL,Double Bottom,2025-07-29 04:00:00+00:00,2025-08-06 04:00:00+00:00,-8.199999999999992,-170.17389888081442,10042.395715898592,12.344108434689497,168.1199951171875
CPAY,Falling Wedge,2025-07-29 04:00:00+00:00,2025-07-31 04:00:00+00:00,-2.787889380963976,-57.85682995208053,9984.538885946511,6.264789961594274,331.2627338647292
DVN,Falling Wedge,2025-07-29 04:00:00+00:00,2025-08-01 04:00:00+00:00,-5.4618223012519,-113.34873121929496,9871.190154727215,63.50117407221349,32.68115086196692
T,Falling Wedge,2025-08-12 04:00:00+00:00,2025-08-20 04:00:00+00:00,4.512475499790265,89.08700745395488,9960.27716218117,73.85091875100574,26.732748411725847
ATO,Double Bottom,2025-08-12 04:00:00+00:00,2025-08-13 04:00:00+00:00,3.1005343206487894,61.211927720764336,10021.489089901934,12.644835546604721,156.12998869530952
CSCO,Falling Wedge,2025-08-12 04:00:00+00:00,2025-08-14 04:00:00+00:00,-1.41152600002453,-27.86688310916726,9993.622206792767,29.269000914138655,67.45150053932213
L,Double Bottom,2025-08-12 04:00:00+00:00,2025-08-13 04:00:00+00:00,1.8969715987275848,37.45073473831376,10031.07294153108,21.238660974514204,92.95491996008944
KR,Ascending Triangle,2025-08-12 04:00:00+00:00,2025-08-13 04:00:00+00:00,-3.8014422142292092,-75.0495179177276,9956.023423613353,27.504034671759772,71.77994263410834
NKE,Falling Wedge,2025-08-26 04:00:00+00:00,2025-09-05 04:00:00+00:00,-4.512784200103381,-89.85877040388303,9866.16465320947,26.41531628117851,75.38068685331046
NEE,Falling Wedge,2025-08-26 04:00:00+00:00,2025-09-08 04:00:00+00:00,-4.830407851262898,-96.18330742555851,9769.98134578391,27.786414446928738,71.66108777819517
NFLX,Falling Wedge,2025-08-26 04:00:00+00:00,2025-09-05 04:00:00+00:00,4.915916190400176,97.88595348028853,9867.867299264199,16.563612667495562,120.2156030024906
FOXA,Double Bottom,2025-08-26 04:00:00+00:00,2025-09-02 04:00:00+00:00,4.067240343585234,80.98708026039962,9948.854379524599,34.65847928746623,57.45216540538647
IP,Falling Wedge,2025-08-26 04:00:00+00:00,2025-09-08 04:00:00+00:00,-4.712199194818362,-93.82953112068721,9855.024848403911,42.67616774398326,46.65846982015864
MU,Falling Wedge,2025-09-09 04:00:00+00:00,2025-09-10 04:00:00+00:00,11.034671020699976,217.49391420592167,10072.518762609832,16.456432639632578,119.77109576798226
DOV,Falling Wedge,2025-09-09 04:00:00+00:00,2025-09-12 04:00:00+00:00,-0.6852858587131248,-13.507018331755313,10059.011744278077,11.321947631821843,174.08709470983686
JKHY,Falling Wedge,2025-09-09 04:00:00+00:00,2025-09-10 04:00:00+00:00,-0.4932479824372695,-9.721942246688775,10049.289802031388,12.457789296615296,158.21466576066527
IRM,Falling Wedge,2025-09-09 04:00:00+00:00,2025-09-10 04:00:00+00:00,6.0927150168305495,120.08771577021744,10169.377517801606,22.381825078189127,88.06274567847944
BSX,Falling Wedge,2025-09-09 04:00:00+00:00,2025-09-10 04:00:00+00:00,-0.925213683819361,-18.236007688246247,10151.141510113359,18.51237284366575,106.46960205078126
EBAY,Falling Wedge,2025-09-23 04:00:00+00:00,2025-10-01 04:00:00+00:00,-1.2199482677572941,-24.76773500204391,10126.373775111315,23.035438728565207,88.13499607910994
HII,Falling Wedge,2025-09-23 04:00:00+00:00,2025-09-30 04:00:00+00:00,5.1447606951655125,104.4503877045886,10230.824162815903,7.5651692985793915,268.3652172072228
EXE,Falling Wedge,2025-09-23 04:00:00+00:00,2025-09-24 04:00:00+00:00,7.03676616251422,142.8624181785184,10373.686580994421,21.66380488875539,93.71522280818098
FOXA,Inverse Head & Shoulders,2025-09-23 04:00:00+00:00,2025-09-30 04:00:00+00:00,5.949356362268209,120.78551665495566,10494.472097649377,33.883404388900985,59.91807312867604
FOX,Inverse Head & Shoulders,2025-09-23 04:00:00+00:00,2025-09-30 04:00:00+00:00,5.763204276712755,117.00620432920336,10611.478301978581,37.315168434811746,54.40758777678861
MDLZ,Falling Wedge,2025-10-07 04:00:00+00:00,2025-10-10 04:00:00+00:00,-1.0587989273310936,-22.470843687064193,10589.007458291517,35.47776440564745,59.82044517038068
BG,Falling Wedge,2025-10-07 04:00:00+00:00,2025-10-08 04:00:00+00:00,5.592144902601921,118.68184859096084,10707.689306882477,27.318099446763206,77.68826175230785
CSCO,Falling Wedge,2025-10-07 04:00:00+00:00,2025-10-08 04:00:00+00:00,2.299144355445173,48.79464088184597,10756.483947764324,31.793655898972844,66.7521743060785
KO,Falling Wedge,2025-10-07 04:00:00+00:00,2025-10-08 04:00:00+00:00,1.823578777449449,38.70173325770691,10795.18568102203,33.171105088866526,63.98025193040792
DAL,Falling Wedge,2025-10-07 04:00:00+00:00,2025-10-09 04:00:00+00:00,4.961521909629096,105.29816417764097,10900.483845199671,37.914413204320134,55.975959563417234
AXP,Double Bottom,2025-10-21 04:00:00+00:00,2025-10-30 04:00:00+00:00,4.444954636130394,96.90431240756949,10997.38815760724,6.3100771764138,345.4944698915627
AWK,Falling Wedge,2025-10-21 04:00:00+00:00,2025-10-27 04:00:00+00:00,-3.607026309565902,-78.63666403326661,10918.751493573973,15.861579253404896,137.445126630247
LEN,Falling Wedge,2025-10-21 04:00:00+00:00,2025-10-22 04:00:00+00:00,6.608865948344788,144.07967301004513,11062.831166584017,18.3964160795224,118.50660256954424
CNP,Inverse Head & Shoulders,2025-10-21 04:00:00+00:00,2025-10-31 04:00:00+00:00,-3.203578352277926,-69.84110815167384,10992.990058432344,56.41296858844148,38.64531194847663
DRI,Falling Wedge,2025-10-21 04:00:00+00:00,2025-10-28 04:00:00+00:00,-1.477441670026325,-32.20965811269356,10960.78040031965,12.167304387958177,179.17664418731462
PH,Falling Wedge,2025-11-04 05:00:00+00:00,2025-11-05 05:00:00+00:00,4.807151001790825,105.3802529636117,11066.160653283263,2.9798407752374905,735.6621529179582
FAST,Falling Wedge,2025-11-04 05:00:00+00:00,2025-11-05 05:00:00+00:00,4.254080753364763,93.25608988571508,11159.416743168978,55.66383636500348,39.38205167335833
FTNT,Ascending Triangle,2025-11-04 05:00:00+00:00,2025-11-06 05:00:00+00:00,-4.498103515221793,-98.6054496965039,11060.811293472474,25.342844856230403,86.5
INTU,Channel Breakout,2025-11-04 05:00:00+00:00,2025-11-07 05:00:00+00:00,-4.550618972580234,-99.75667048796035,10961.054622984513,3.333043359721586,657.7040390638795
ECHO,Falling Wedge,2025-11-04 05:00:00+00:00,2025-11-06 05:00:00+00:00,-1.4509069136513966,-31.806144123677004,10929.248478860836,30.024052418596096,73.01333109537762
CB,Inverse Head & Shoulders,2025-11-18 05:00:00+00:00,2025-11-21 05:00:00+00:00,3.6504404722384107,79.79314195676737,11009.041620817603,7.6509218365292115,285.6975593889694
CI,Falling Wedge,2025-11-18 05:00:00+00:00,2025-11-24 05:00:00+00:00,8.096395658438071,176.97503986847954,11186.016660686082,8.592792856911474,254.38175133175872
TKO,Falling Wedge,2025-11-18 05:00:00+00:00,2025-11-20 05:00:00+00:00,-2.0644016786269734,-45.12471781178321,11140.8919428743,12.227802169336167,178.760636253476
COP,Falling Wedge,2025-11-18 05:00:00+00:00,2025-11-20 05:00:00+00:00,4.339131447980433,94.84689155483473,11235.738834429134,25.831196974052876,84.62053454076583
DVN,Falling Wedge,2025-11-18 05:00:00+00:00,2025-11-19 05:00:00+00:00,6.788032311432862,148.37618362837162,11384.115018057506,67.95938197934366,32.16406082734182
ORLY,Falling Wedge,2025-12-02 05:00:00+00:00,2025-12-09 05:00:00+00:00,-3.5032487493004494,-79.76277339780484,11304.352244659702,23.06016967036827,98.7340091663402
AOS,Falling Wedge,2025-12-02 05:00:00+00:00,2025-12-03 05:00:00+00:00,4.972726141194404,113.22017268931673,11417.572417349018,36.10883108380901,63.054464386481214
FITB,Falling Wedge,2025-12-02 05:00:00+00:00,2025-12-03 05:00:00+00:00,5.52399855737863,125.77166987356412,11543.344087222582,55.1346198899572,41.29570509701157
ARES,Falling Wedge,2025-12-02 05:00:00+00:00,2025-12-09 05:00:00+00:00,15.425086355592573,351.2019144710706,11894.546001693652,16.25489383726059,140.0700014657992
BALL,Channel Breakout,2025-12-02 05:00:00+00:00,2025-12-12 05:00:00+00:00,6.613465743844049,150.5769093918078,12045.12291108546,48.23927386050624,47.19853392062662
GPC,Falling Wedge,2025-12-16 05:00:00+00:00,2025-12-18 05:00:00+00:00,-0.8057377644515848,-19.41042081384513,12025.712490271615,19.231322989262818,125.26567119496106
DRI,Falling Wedge,2025-12-16 05:00:00+00:00,2025-12-17 05:00:00+00:00,6.152925615473044,148.22549060227792,12173.937980873892,14.084780943474017,171.03741917500528
FIS,Falling Wedge,2025-12-16 05:00:00+00:00,2025-12-18 05:00:00+00:00,-0.8668297142490766,-20.882140902222428,12153.05583997167,37.15489970435193,64.8373323945462
BEN,Double Top Breakout,2025-12-16 05:00:00+00:00,2025-12-22 05:00:00+00:00,4.818111487838981,116.06949014066672,12269.125330112336,106.65408102313393,22.587270539554503
GE,Falling Wedge,2025-12-16 05:00:00+00:00,2025-12-22 05:00:00+00:00,5.239272820336286,126.21537017131985,12395.340700283656,8.239494166725546,292.3753004093043
J,Falling Wedge,2025-12-30 05:00:00+00:00,2026-01-05 05:00:00+00:00,5.425005824724163,134.48959099695864,12529.830291280614,19.147025151729952,129.47536864925175
CL,Falling Wedge,2025-12-30 05:00:00+00:00,2026-01-05 05:00:00+00:00,-2.7184333099479163,-67.39181409560844,12462.438477185005,32.116221627225265,77.19052909870314
ICE,Inverse Head & Shoulders,2025-12-30 05:00:00+00:00,2025-12-31 05:00:00+00:00,4.266805404762349,105.77701338768203,12568.215490572687,15.925705794791327,155.66456972145855
BX,Channel Breakout,2025-12-30 05:00:00+00:00,2026-01-05 05:00:00+00:00,4.8701591173607435,120.7345630485583,12688.950053621245,16.81119472418708,147.4653158641947
AMD,Falling Wedge,2025-12-30 05:00:00+00:00,2026-01-02 05:00:00+00:00,9.61517257370441,238.36667988617882,12927.316733507425,11.991238758349928,206.73995322880776
DUK,Falling Wedge,2026-01-13 05:00:00+00:00,2026-01-14 05:00:00+00:00,2.0973439794985347,54.22605984418492,12981.54279335161,23.12909502301127,111.7840254505934
MSI,Double Bottom,2026-01-13 05:00:00+00:00,2026-01-14 05:00:00+00:00,2.288373307170799,59.165053092601596,13040.707846444211,6.875182361849876,376.0574208253911
CTVA,Ascending Triangle,2026-01-13 05:00:00+00:00,2026-01-14 05:00:00+00:00,2.732970320433707,70.65994591104364,13111.367792355255,38.56896760381469,67.03480822353586
KO,Falling Wedge,2026-01-13 05:00:00+00:00,2026-01-14 05:00:00+00:00,2.4692733299805822,63.84215687652317,13175.209949231778,37.696329368287,68.58660750339719
CVNA,Falling Wedge,2026-01-13 05:00:00+00:00,2026-01-20 05:00:00+00:00,-2.099032886912018,-54.269725926320255,13120.940223305457,29.007263980688474,89.1315826416015
AXON,Channel Breakout,2026-01-27 05:00:00+00:00,2026-01-29 05:00:00+00:00,-7.919324918228454,-207.81797772201782,12913.12224558344,4.465258517660065,587.6900596645069
CVNA,Falling Wedge,2026-01-27 05:00:00+00:00,2026-01-28 05:00:00+00:00,-8.200000000000003,-215.18341966220956,12697.93882592123,27.882181920160104,94.11702614147576
NWSA,Inverse Head & Shoulders,2026-01-27 05:00:00+00:00,2026-02-03 05:00:00+00:00,-3.376972206017575,-88.61810090184112,12609.320725019388,98.32665070714397,26.68847180076306
COR,Falling Wedge,2026-01-27 05:00:00+00:00,2026-02-04 05:00:00+00:00,-2.6393226594097334,-69.2607896882614,12540.059935331126,7.570936798320081,346.61338676653247
CSCO,Falling Wedge,2026-01-27 05:00:00+00:00,2026-01-28 05:00:00+00:00,3.1154083085459057,81.75417237523997,12621.814107706366,35.38162256705177,74.16810915576266
ANET,Channel Breakout,2026-02-10 05:00:00+00:00,2026-02-23 05:00:00+00:00,-8.199999999999992,-206.99775136638422,12414.816356339983,18.086225309191125,139.5737794031811
D,Ascending Triangle,2026-02-10 05:00:00+00:00,2026-02-11 05:00:00+00:00,3.2630813489328525,82.3720124091084,12497.188368749092,42.1426318086267,59.90045503101516
EQIX,Inverse Head & Shoulders,2026-02-10 05:00:00+00:00,2026-02-11 05:00:00+00:00,5.328005937963403,134.49820102745954,12631.686569776552,3.163264539664652,798.0245692030833
EQT,Falling Wedge,2026-02-10 05:00:00+00:00,2026-02-13 05:00:00+00:00,6.870972714957597,173.44828069463463,12805.134850471186,46.31268031385736,54.50694722123329
NI,Ascending Triangle,2026-02-10 05:00:00+00:00,2026-02-13 05:00:00+00:00,4.04947203930924,102.22336662903166,12907.358217100218,57.81394622855451,43.6635619295346
MNST,Falling Wedge,2026-02-24 05:00:00+00:00,2026-03-02 05:00:00+00:00,-0.586098784328787,-15.129973919877237,12892.228243180341,31.30845767577336,82.45285252162387
BF-B,Falling Wedge,2026-02-24 05:00:00+00:00,2026-02-25 05:00:00+00:00,-3.704564292554001,-95.63227672454587,12796.595966455796,89.29592781272667,28.90917544228849
DG,Ascending Triangle,2026-02-24 05:00:00+00:00,2026-03-09 04:00:00+00:00,-5.809820999097981,-149.97888162517745,12646.61708483062,17.05146460860325,151.39295671514176
FSLR,Falling Wedge,2026-02-24 05:00:00+00:00,2026-02-25 05:00:00+00:00,-8.199999999999992,-211.68067476044337,12434.936410070175,11.443158491059894,225.59083188761647
HRL,Inverse Head & Shoulders,2026-02-24 05:00:00+00:00,2026-02-26 05:00:00+00:00,5.456650773383112,140.86189239534554,12575.79830246552,107.0089980812032,24.12387453119697
DHR,Falling Wedge,2026-03-10 04:00:00+00:00,2026-03-12 04:00:00+00:00,-2.26390459531072,-56.94081513330489,12518.857487332216,12.968677332246427,193.94110872349304
KHC,Inverse Head & Shoulders,2026-03-10 04:00:00+00:00,2026-03-11 04:00:00+00:00,-4.883295548599326,-122.8226797410257,12396.03480759119,104.9055669928046,23.97546414925356
META,Falling Wedge,2026-03-10 04:00:00+00:00,2026-03-13 04:00:00+00:00,-3.165186836770588,-79.60950249769155,12316.425305093499,3.915887860196148,642.2961408213357
NWSA,Falling Wedge,2026-03-10 04:00:00+00:00,2026-03-17 04:00:00+00:00,4.7405185287319105,119.23160973286622,12435.656914826364,107.82171567519482,23.327023176572723
GOOGL,Falling Wedge,2026-03-10 04:00:00+00:00,2026-03-26 04:00:00+00:00,-5.565461063671388,-139.9802315939132,12295.676683232452,8.484057798494728,296.4571576751107
APP,Inverse Head & Shoulders,2026-03-24 04:00:00+00:00,2026-03-26 04:00:00+00:00,-7.614399835596264,-189.3801279355708,12106.296555296882,5.459024033463639,455.6000061035156
LUV,Falling Wedge,2026-03-24 04:00:00+00:00,2026-04-02 04:00:00+00:00,-8.200000000000003,-203.94477340315242,11902.351781893729,63.689510291440456,39.05087936120511
ETN,Falling Wedge,2026-03-24 04:00:00+00:00,2026-03-30 04:00:00+00:00,-1.033679806492248,-25.708974866643405,11876.642807027085,7.2460064644771185,343.2416732110585
BNY,Falling Wedge,2026-03-24 04:00:00+00:00,2026-04-02 04:00:00+00:00,5.4290174511858345,135.02679681510423,12011.669603842189,21.692687910313488,114.65298321941933
GOOGL,Falling Wedge,2026-04-07 04:00:00+00:00,2026-04-08 04:00:00+00:00,6.973543199189312,167.52779375356533,12179.197397595754,8.21344805239153,292.4878693387418
CMI,Falling Wedge,2026-04-07 04:00:00+00:00,2026-04-08 04:00:00+00:00,6.879122524648628,165.25949386085614,12344.45689145661,4.475647782953568,536.7566969675818
AMD,Falling Wedge,2026-04-07 04:00:00+00:00,2026-04-09 04:00:00+00:00,8.789601306795513,211.15557369345447,12555.612465150065,11.10660424063557,216.29778721916225
AES,Double Bottom,2026-04-07 04:00:00+00:00,2026-04-08 04:00:00+00:00,0.886182831876499,21.289070770195472,12576.90153592026,172.4683722915024,13.929127345784092
MCHP,Falling Wedge,2026-04-07 04:00:00+00:00,2026-04-13 04:00:00+00:00,14.238320403033441,342.05200078976566,12918.953536710025,37.71018806416083,63.70516945396986
EME,Inverse Head & Shoulders,2026-04-21 04:00:00+00:00,2026-04-23 04:00:00+00:00,7.24509110664847,187.19799075204523,13106.15152746207,3.21121998150477,804.6134248738845
AIZ,Falling Wedge,2026-04-21 04:00:00+00:00,2026-04-22 04:00:00+00:00,4.371778526024494,112.95760730099417,13219.109134763065,11.862739458248923,217.8072540862667
AMGN,Falling Wedge,2026-04-21 04:00:00+00:00,2026-04-29 04:00:00+00:00,-3.428222657128558,-88.57809844188085,13130.531036321183,7.560151667940958,341.76440114272367
AIG,Falling Wedge,2026-04-21 04:00:00+00:00,2026-04-29 04:00:00+00:00,-3.985829120412002,-102.98548242373688,13027.545553897446,34.22332893892331,75.49793627478991
IQV,Channel Breakout,2026-04-21 04:00:00+00:00,2026-04-23 04:00:00+00:00,-7.675929169032303,-198.32994457161104,12829.215609325835,15.166981528217917,170.35629024370508
ES,Falling Wedge,2026-05-05 04:00:00+00:00,2026-05-07 04:00:00+00:00,-0.5211138979049847,-13.370965106478518,12815.844644219356,38.16138186518937,67.23664072043776
FAST,Falling Wedge,2026-05-05 04:00:00+00:00,2026-05-11 04:00:00+00:00,-0.4026655184799608,-10.331765510040787,12805.512878709316,59.126946706244304,43.39549502890519
FOXA,Channel Breakout,2026-05-05 04:00:00+00:00,2026-05-11 04:00:00+00:00,8.963870953384065,229.99886631027456,13035.51174501959,43.607104761740246,58.84002471350429
FOX,Channel Breakout,2026-05-05 04:00:00+00:00,2026-05-11 04:00:00+00:00,9.054989375737419,232.33682208298015,13267.84856710257,47.101703988289295,54.474528617968936
GPN,Falling Wedge,2026-05-05 04:00:00+00:00,2026-05-13 04:00:00+00:00,-6.172019735447871,-158.36434386214987,13109.48422324042,36.43116138723832,70.42990187965763
ORCL,Channel Breakout,2026-05-19 04:00:00+00:00,2026-05-28 04:00:00+00:00,9.468058988549739,248.2427398702049,13357.726963110626,14.21135682241421,184.49306969147503
EQT,Falling Wedge,2026-05-19 04:00:00+00:00,2026-05-28 04:00:00+00:00,-0.5009760888410852,-13.135076265765797,13344.59188684486,47.764067488151454,54.89266267573385
ROL,Falling Wedge,2026-05-19 04:00:00+00:00,2026-05-21 04:00:00+00:00,-1.4100878721841381,-36.971049427561226,13307.6208374173,49.30401649836342,53.17815932369555
UNP,Ascending Triangle,2026-05-19 04:00:00+00:00,2026-05-29 04:00:00+00:00,-3.7801418412275294,-99.11141965836657,13208.509417758934,9.670385836301385,271.126394440832
VLO,Ascending Triangle,2026-05-19 04:00:00+00:00,2026-05-27 04:00:00+00:00,-7.353698812333421,-192.80639712549356,13015.70302063344,10.291219563419556,254.7702756209472
RDDT,Falling Wedge,2026-06-02 04:00:00+00:00,2026-06-04 04:00:00+00:00,10.014560636184537,260.6930942454077,13276.396114878848,15.909372297720743,163.62308678260217
HSIC,Falling Wedge,2026-06-02 04:00:00+00:00,2026-06-08 04:00:00+00:00,5.757055976125929,149.86426171683613,13426.260376595683,35.29605962137117,73.75159244547882
HBAN,Falling Wedge,2026-06-02 04:00:00+00:00,2026-06-03 04:00:00+00:00,4.017992849555197,104.5940033376783,13530.854379933362,170.2850510504895,15.286959061103122
PRU,Channel Breakout,2026-06-02 04:00:00+00:00,2026-06-05 04:00:00+00:00,4.451860895440926,115.88819860846071,13646.742578541824,26.510516075670296,98.1927547806468
MCD,Falling Wedge,2026-06-02 04:00:00+00:00,2026-06-09 04:00:00+00:00,4.088232396392911,106.4224375015654,13753.16501604339,9.595622782198943,271.2841743795758
DHI,Inverse Head & Shoulders,2026-06-16 04:00:00+00:00,2026-06-17 04:00:00+00:00,5.806833479223545,159.72467812089354,13912.889694164283,18.136534638735213,151.66254513329116
CMI,Falling Wedge,2026-06-16 04:00:00+00:00,2026-06-17 04:00:00+00:00,6.101910122940314,167.8411536677275,14080.73084783201,4.129477687112979,666.0970736789994
COO,Channel Breakout,2026-06-16 04:00:00+00:00,2026-06-24 04:00:00+00:00,6.844009747676052,188.25359086239644,14268.984438694406,42.97481379417913,64.00569916096407
NCLH,Double Top Breakout,2026-06-16 04:00:00+00:00,2026-06-25 04:00:00+00:00,12.235368101517496,336.55007306440734,14605.534511758813,142.22507660324993,19.34000015258789
TECH,Channel Breakout,2026-06-16 04:00:00+00:00,2026-06-24 04:00:00+00:00,11.723180359447328,322.4616679926359,14927.99617975145,52.18829011471761,52.70594221735141
HAS,Falling Wedge,2026-06-30 04:00:00+00:00,2026-07-02 04:00:00+00:00,-3.047976338692761,-91.00035827995669,14836.995821471493,36.108336860205476,82.6844849572864
AEE,Falling Wedge,2026-06-30 04:00:00+00:00,2026-07-07 04:00:00+00:00,3.821524165619734,114.09539629039845,14951.091217761892,26.92604005503191,110.881482380932
FTNT,Falling Wedge,2026-06-30 04:00:00+00:00,2026-07-01 04:00:00+00:00,6.272689290494156,187.27736353052916,15138.368581292421,20.068943770759702,148.76713344029022
COO,Falling Wedge,2026-06-30 04:00:00+00:00,2026-07-01 04:00:00+00:00,11.409814720137744,340.65134110777615,15479.019922400197,46.57961793097561,64.09668796284514
AMCR,Falling Wedge,2026-06-30 04:00:00+00:00,2026-07-07 04:00:00+00:00,9.735729234521523,290.6698576400636,15769.68978004026,72.82532537236595,40.9967167422117
DVN,Falling Wedge,2026-07-14 04:00:00+00:00,2026-07-17 04:00:00+00:00,5.835138479837385,184.03664730122256,15953.726427341482,76.18562087295862,41.3980738080132
GPN,Inverse Head & Shoulders,2026-07-14 04:00:00+00:00,2026-07-15 04:00:00+00:00,8.146490282722063,256.9352491092788,16210.661676450762,43.12504647399186,73.13471436860132
FANG,Falling Wedge,2026-07-14 04:00:00+00:00,2026-07-20 04:00:00+00:00,9.917020175184296,312.7766634101137,16523.438339860877,17.73336303596453,177.85334623847942
ERIE,Channel Breakout,2026-07-14 04:00:00+00:00,2026-07-15 04:00:00+00:00,-7.274574842405432,-229.43557709283786,16294.00276276804,13.324718982537172,236.69827184659377
BNY,Ascending Triangle,2026-07-14 04:00:00+00:00,2026-07-15 04:00:00+00:00,5.449446169435668,171.8721511300584,16465.874913898097,21.578925218075995,146.1582504288071
ADM,Falling Wedge,2026-07-28 04:00:00+00:00,2026-08-03 04:00:00+00:00,-1.5496666140327457,-51.03323324981439,16414.841680648282,42.05201299573799,78.31194628217645
ATO,Channel Breakout,2026-07-28 04:00:00+00:00,2026-08-03 04:00:00+00:00,-3.662275359107967,-120.60513592664603,16294.236544721636,18.63841389114266,176.6875122536366
BKR,Falling Wedge,2026-07-28 04:00:00+00:00,2026-08-05 04:00:00+00:00,10.06379212767115,331.41828466741106,16625.65482938905,58.72312262467808,56.07969800631276
BX,Inverse Head & Shoulders,2026-07-28 04:00:00+00:00,2026-08-03 04:00:00+00:00,7.015382843067944,231.02883273412715,16856.683662123174,26.59712400062642,123.81695790499973
AVGO,Falling Wedge,2026-07-28 04:00:00+00:00,2026-08-07 04:00:00+00:00,14.82779637501209,488.3052807194014,17344.988942842574,8.79681352612243,374.3599853515625
COHR,Falling Wedge,2026-08-11 04:00:00+00:00,2026-08-24 04:00:00+00:00,-8.199999999999989,-284.45781866261785,17060.531124179957,11.778669731850933,294.5152438723984
AES,Inverse Head & Shoulders,2026-08-11 04:00:00+00:00,2026-08-17 04:00:00+00:00,0.6955750476248104,24.129483019939066,17084.660607199898,237.2832000634038,14.61965190810632
APA,Falling Wedge,2026-08-11 04:00:00+00:00,2026-08-14 04:00:00+00:00,10.349189323386323,359.01314876304036,17443.673755962936,94.24686334016356,36.80756754787607
ARES,Inverse Head & Shoulders,2026-08-11 04:00:00+00:00,2026-08-13 04:00:00+00:00,10.381240738045436,360.12501162877,17803.798767591707,25.85189290564879,134.18738044557344
CSCO,Falling Wedge,2026-08-11 04:00:00+00:00,2026-08-20 04:00:00+00:00,-4.3257248811093305,-150.05930046524068,17653.739467126466,30.337586021599968,114.34653324422824
