symbol,pattern,entry_date,entry_price,exit_date,exit_price,exit_reason,pnl_pct,days_held,mtf
TDY,Double Bottom,2021-10-26 00:00:00-04:00,440.2999877929688,2021-10-27 00:00:00-04:00,454.1949768066406,WIN_T1,3.155800453986242,1,True
AEE,Double Bottom,2021-11-23 00:00:00-05:00,74.61908983772659,2021-11-30 00:00:00-05:00,72.0267545699376,LOSS,-3.474091245854812,7,True
ETR,Double Bottom,2021-11-23 00:00:00-05:00,44.57578968507528,2021-11-30 00:00:00-05:00,42.83709088496098,LOSS,-3.900545144344229,7,True
WEC,Double Bottom,2021-11-23 00:00:00-05:00,77.54685566760199,2021-11-30 00:00:00-05:00,74.88499307845105,LOSS,-3.432586100667692,7,True
CARR,Double Bottom,2021-11-23 00:00:00-05:00,51.55580137322511,2021-12-14 00:00:00-05:00,49.54762046541108,LOSS,-3.8951599128026633,21,True
DELL,Double Bottom,2021-12-07 00:00:00-05:00,52.26999708223858,2021-12-14 00:00:00-05:00,49.4941510494281,LOSS,-5.310591520491439,7,True
PKG,Double Bottom,2021-12-07 00:00:00-05:00,118.23988226127209,2021-12-09 00:00:00-05:00,113.37671551742184,LOSS,-4.112966497297584,2,True
WEC,Double Bottom,2021-12-07 00:00:00-05:00,78.077396439687,2021-12-13 00:00:00-05:00,80.23087330512966,WIN_T1,2.758130987508231,6,True
AZO,Double Bottom,2021-12-21 00:00:00-05:00,1941.3599853515625,2021-12-23 00:00:00-05:00,2028.2799682617188,WIN_T1,4.477272817303682,2,True
CHD,Double Bottom,2021-12-21 00:00:00-05:00,89.50878829205853,2021-12-22 00:00:00-05:00,93.25632961454212,WIN_T1,4.186785894426069,1,True
ETR,Double Bottom,2021-12-21 00:00:00-05:00,45.610156348981015,2021-12-28 00:00:00-05:00,47.37196966307448,WIN_T1,3.862765346852022,7,True
HSY,Double Bottom,2021-12-21 00:00:00-05:00,162.80100714141068,2021-12-23 00:00:00-05:00,167.88711401532225,WIN_T1,3.124124944444434,2,True
XEL,Double Bottom,2021-12-21 00:00:00-05:00,57.540046928369854,2022-01-04 00:00:00-05:00,59.54446206244585,WIN_T1,3.483513207021266,14,True
MPC,Double Bottom,2022-01-04 00:00:00-05:00,59.03317793720611,2022-01-05 00:00:00-05:00,61.67753340777325,WIN_T1,4.479439466023591,1,True
SMCI,Double Bottom,2022-01-04 00:00:00-05:00,4.484000205993652,2022-01-05 00:00:00-05:00,4.7580002546310425,WIN_T1,6.110616325823113,1,True
MET,Double Bottom,2022-02-15 00:00:00-05:00,59.94522901946176,2022-02-24 00:00:00-05:00,56.57089480239474,LOSS,-5.629028818909855,9,True
SW,Cup & Handle (Daily),2022-02-15 00:00:00-05:00,47.755977630615234,2022-02-25 00:00:00-05:00,46.56845347438413,LOSS,-2.48665028997294,10,True
ED,Double Bottom,2022-03-15 00:00:00-04:00,74.48854969946031,2022-03-24 00:00:00-04:00,77.7002118512403,WIN_T1,4.311618583981183,9,True
IRM,Double Bottom,2022-03-15 00:00:00-04:00,39.61239313323601,2022-03-16 00:00:00-04:00,41.82481172480841,WIN_T1,5.585167712869421,1,True
MCK,Cup & Handle (Weekly),2022-03-29 00:00:00-04:00,301.893530519573,2022-04-21 00:00:00-04:00,326.69435013806986,WIN_T1,8.215088139124239,23,True
KIM,Double Bottom,2022-04-26 00:00:00-04:00,20.83829206600407,2022-05-02 00:00:00-04:00,19.91365748415805,LOSS,-4.43718985662207,6,True
FDX,Double Bottom,2022-06-21 00:00:00-04:00,166.75545905304105,2022-06-24 00:00:00-04:00,178.1387051047513,WIN_T1,6.826310884424777,3,True
HII,Double Bottom,2022-07-05 00:00:00-04:00,198.8115524563636,2022-07-14 00:00:00-04:00,187.7083588081293,LOSS,-5.584782931902967,9,True
UNP,Double Bottom,2022-08-02 00:00:00-04:00,199.5087377558387,2022-08-04 00:00:00-04:00,207.0159565884511,WIN_T1,3.7628521522700615,2,True
GOOGL,Cup & Handle (Weekly),2022-08-16 00:00:00-04:00,120.45192996370156,2022-08-26 00:00:00-04:00,110.96167785644532,LOSS,-7.878870940562042,10,True
GOOG,Cup & Handle (Weekly),2022-08-16 00:00:00-04:00,121.25096627904998,2022-08-26 00:00:00-04:00,111.8518328857422,LOSS,-7.751800815901443,10,True
MSFT,Cup & Handle (Weekly),2022-08-16 00:00:00-04:00,281.90191650390625,2022-08-26 00:00:00-04:00,259.3497631835938,LOSS,-7.999999999999989,10,True
BSX,Double Bottom,2022-09-13 00:00:00-04:00,42.560001373291016,2022-09-19 00:00:00-04:00,41.0485714503697,LOSS,-3.551291997536988,6,True
CNP,Double Bottom,2022-09-13 00:00:00-04:00,29.47620792803121,2022-09-20 00:00:00-04:00,28.591737532502712,LOSS,-3.0006247672292714,7,True
KR,Double Bottom,2022-09-13 00:00:00-04:00,45.96399230886315,2022-09-15 00:00:00-04:00,43.50833579855653,LOSS,-5.3425657497403645,2,True
OXY,Double Bottom,2022-09-13 00:00:00-04:00,61.74134678569756,2022-09-23 00:00:00-04:00,57.05053014878423,LOSS,-7.597528854035231,10,True
GPC,Cup & Handle (Weekly),2022-08-16 00:00:00-04:00,140.70326232910156,2022-10-10 18:28:45.351254,138.29273986816406,TIME_EXIT,-1.7131958570365948,55,True
REGN,Double Bottom,2022-09-27 00:00:00-04:00,646.419907623848,2022-09-28 00:00:00-04:00,690.3553472105637,WIN_T1,6.796733681704886,1,True
AZO,Double Bottom,2022-10-11 00:00:00-04:00,2222.169921875,2022-10-18 00:00:00-04:00,2308.14990234375,WIN_T1,3.86919018308927,7,True
AXON,Double Bottom,2022-10-11 00:00:00-04:00,125.4000015258789,2022-10-13 00:00:00-04:00,115.66571589878627,LOSS,-7.762588124916219,2,True
DXCM,Double Bottom,2022-10-11 00:00:00-04:00,94.3000030517578,2022-10-13 00:00:00-04:00,101.9800033569336,WIN_T1,8.144220632697659,2,True
NDAQ,Double Bottom,2022-11-08 00:00:00-05:00,57.31772612429608,2022-11-09 00:00:00-05:00,60.04126742590044,WIN_T1,4.751656225332865,1,True
GEN,Double Bottom,2022-11-22 00:00:00-05:00,21.16277664985288,2022-12-22 00:00:00-05:00,19.48485670424821,LOSS,-7.92863797301538,30,True
NWSA,Double Bottom,2023-01-17 00:00:00-05:00,18.786502473040425,2023-01-25 00:00:00-05:00,19.810252532418275,WIN_T1,5.449391449243853,8,True
NWS,Double Bottom,2023-01-17 00:00:00-05:00,19.120795706521964,2023-01-25 00:00:00-05:00,20.19008293386234,WIN_T1,5.59227368856647,8,True
OTIS,Double Bottom,2023-01-17 00:00:00-05:00,76.77278766871142,2023-01-20 00:00:00-05:00,74.19835673724711,LOSS,-3.353311778352305,3,True
SBUX,Double Bottom,2023-01-17 00:00:00-05:00,96.38728510583717,2023-02-01 00:00:00-05:00,100.6659861395026,WIN_T1,4.439072050807603,15,True
FITB,Double Bottom,2023-01-31 00:00:00-05:00,30.569086005258235,2023-02-02 00:00:00-05:00,32.370378391808906,WIN_T1,5.892529420869265,2,True
HBAN,Double Bottom,2023-01-31 00:00:00-05:00,12.608118776951224,2023-02-02 00:00:00-05:00,13.168384362387147,WIN_T1,4.443688986021761,2,True
KEY,Double Bottom,2023-01-31 00:00:00-05:00,15.403672573564045,2023-02-01 00:00:00-05:00,16.3249072844687,WIN_T1,5.980617326842505,1,True
ETN,Double Bottom,2023-02-14 00:00:00-05:00,158.15713444010734,2023-02-16 00:00:00-05:00,165.58529724244596,WIN_T1,4.696697893923715,2,True
KEY,Double Bottom,2023-02-14 00:00:00-05:00,15.403672573564045,2023-03-08 00:00:00-05:00,14.583219182217771,LOSS,-5.326349202944907,22,True
FITB,Double Bottom,2023-02-28 00:00:00-05:00,30.569086005258235,2023-03-08 00:00:00-05:00,29.312124204923386,LOSS,-4.111872367131414,8,True
HUBB,Cup & Handle (Weekly),2023-02-28 00:00:00-05:00,240.2148289788659,2023-03-15 00:00:00-04:00,222.434482421875,LOSS,-7.401852180639199,14,True
DECK,Double Bottom,2023-03-28 00:00:00-04:00,73.96666717529297,2023-04-14 00:00:00-04:00,77.95750045776367,WIN_T1,5.395448294314602,17,True
CPAY,Double Bottom,2023-05-09 00:00:00-04:00,224.77999877929688,2023-05-18 00:00:00-04:00,235.1500015258789,WIN_T1,4.613401015614362,9,True
HST,Double Bottom,2023-05-09 00:00:00-04:00,13.805162403272668,2023-05-10 00:00:00-04:00,14.326035063081571,WIN_T1,3.7730281223307056,1,True
ATO,Double Bottom,2023-05-23 00:00:00-04:00,107.16329613096052,2023-06-01 00:00:00-04:00,103.0402373593998,LOSS,-3.847454231458199,9,True
CBOE,Cup & Handle (Weekly),2023-04-25 00:00:00-04:00,135.01519775390625,2023-06-19 18:28:45.351254,133.43325805664062,TIME_EXIT,-1.1716752806962107,55,True
BA,Double Bottom,2023-06-06 00:00:00-04:00,208.3699951171875,2023-06-08 00:00:00-04:00,216.2350006103516,WIN_T1,3.774538406424963,2,True
COST,Double Bottom,2023-06-06 00:00:00-04:00,485.39232420953255,2023-06-09 00:00:00-04:00,499.4352777661152,WIN_T1,2.8931140556150647,3,True
DXCM,Double Bottom,2023-06-06 00:00:00-04:00,123.43000030517578,2023-06-14 00:00:00-04:00,129.01000213623047,WIN_T1,4.520782481777813,8,True
SW,Cup & Handle (Weekly),2023-05-23 00:00:00-04:00,34.10838317871094,2023-06-20 00:00:00-04:00,31.786067962646484,LOSS,-6.808634709820979,28,True
CPT,Double Bottom,2023-06-20 00:00:00-04:00,99.0018869446222,2023-06-22 00:00:00-04:00,95.1311513061104,LOSS,-3.909759458096951,2,True
CTSH,Double Bottom,2023-06-20 00:00:00-04:00,60.56937178586757,2023-06-22 00:00:00-04:00,58.20168816810163,LOSS,-3.909044370043106,2,True
LIN,Double Bottom,2023-06-20 00:00:00-04:00,357.72334935103027,2023-06-30 00:00:00-04:00,368.49619251493976,WIN_T1,3.011501257453065,10,True
MKC,Double Bottom,2023-06-20 00:00:00-04:00,83.91208632173282,2023-06-29 00:00:00-04:00,81.03258027150342,LOSS,-3.4315748498838325,9,True
SNA,Double Bottom,2023-06-20 00:00:00-04:00,243.0320353083262,2023-06-21 00:00:00-04:00,250.84543281193925,WIN_T1,3.2149660820230874,1,True
WMT,Double Bottom,2023-06-20 00:00:00-04:00,49.67815134661912,2023-07-05 00:00:00-04:00,51.18120705518409,WIN_T1,3.0255870394164,15,True
MO,Double Bottom,2023-07-05 00:00:00-04:00,35.7936779804258,2023-07-06 00:00:00-04:00,36.65871154892088,WIN_T1,2.4167216595291854,1,True
CBRE,Double Bottom,2023-07-05 00:00:00-04:00,80.25,2023-07-11 00:00:00-04:00,83.41500091552734,WIN_T1,3.943926374488902,6,True
JPM,Double Bottom,2023-07-05 00:00:00-04:00,133.90217667494477,2023-07-11 00:00:00-04:00,138.37426548737193,WIN_T1,3.339817860678555,6,True
KR,Cup & Handle (Daily),2023-07-05 00:00:00-04:00,43.90930220090191,2023-07-17 00:00:00-04:00,43.035396233166665,LOSS,-1.9902524611682324,12,True
ZBRA,Double Bottom,2023-07-05 00:00:00-04:00,288.760009765625,2023-07-10 00:00:00-04:00,304.5450134277344,WIN_T1,5.466478434780991,5,True
GL,Double Bottom,2023-07-05 00:00:00-04:00,106.28329881190965,2023-07-20 00:00:00-04:00,110.78195875750352,WIN_T1,4.232706357332019,15,True
IEX,Double Bottom,2023-07-05 00:00:00-04:00,201.47452423950097,2023-07-27 00:00:00-04:00,210.5562706302581,WIN_T1,4.5076400726283845,22,True
WFC,Double Bottom,2023-07-05 00:00:00-04:00,39.88318905679678,2023-07-18 00:00:00-04:00,41.84828433497668,WIN_T1,4.92712675353379,13,True
CNP,Double Bottom,2023-07-18 00:00:00-04:00,27.21657870205385,2023-07-21 00:00:00-04:00,27.998664916342648,WIN_T1,2.873565494217601,3,True
CPRT,Double Bottom,2023-07-18 00:00:00-04:00,45.790000915527344,2023-07-27 00:00:00-04:00,44.271432059151785,LOSS,-3.3163765582293623,9,True
HD,Double Bottom,2023-07-18 00:00:00-04:00,291.5063160331424,2023-07-24 00:00:00-04:00,301.55738398883807,WIN_T1,3.4479760481597643,6,True
HAS,Double Bottom,2023-07-05 00:00:00-04:00,55.778223962434005,2023-08-03 00:00:00-04:00,58.14052287277198,WIN_T1,4.235163371155306,29,True
LEN,Cup & Handle (Weekly),2023-07-18 00:00:00-04:00,120.73890165672417,2023-08-03 00:00:00-04:00,113.02230743408204,LOSS,-6.391141642634264,16,True
CBRE,Double Bottom,2023-08-01 00:00:00-04:00,80.25,2023-08-02 00:00:00-04:00,83.41500091552734,WIN_T1,3.943926374488902,1,True
KR,Double Bottom,2023-08-01 00:00:00-04:00,44.3927480507984,2023-08-02 00:00:00-04:00,45.52697189854917,WIN_T1,2.5549755254008635,1,True
SW,Cup & Handle (Daily),2023-08-01 00:00:00-04:00,36.376895904541016,2023-08-21 00:00:00-04:00,35.5340461730957,LOSS,-2.3169918996307146,20,True
FIX,Double Bottom,2023-08-15 00:00:00-04:00,170.1607769063928,2023-08-16 00:00:00-04:00,179.41960538149146,WIN_T1,5.441223672945517,1,True
BRK-B,Double Bottom,2023-08-15 00:00:00-04:00,354.4700012207031,2023-08-30 00:00:00-04:00,361.4499969482422,WIN_T1,1.9691358093778768,15,True
FDS,Double Bottom,2023-08-01 00:00:00-04:00,415.0631198874971,2023-09-25 18:28:45.351254,422.7723388671875,TIME_EXIT,1.857360630301232,55,True
IR,Double Bottom,2023-08-29 00:00:00-04:00,68.70237609747049,2023-09-13 00:00:00-04:00,66.47773920577808,LOSS,-3.238078532445867,15,True
NI,Double Bottom,2023-09-12 00:00:00-04:00,24.55782914903699,2023-09-13 00:00:00-04:00,24.999614423435357,WIN_T1,1.7989589866321192,1,True
SYK,Double Bottom,2023-09-12 00:00:00-04:00,284.06738978696427,2023-09-26 00:00:00-04:00,273.97137133515645,LOSS,-3.554092731087264,14,True
FDX,Double Bottom,2023-09-26 00:00:00-04:00,200.73484609854123,2023-10-12 00:00:00-04:00,192.0683485029853,LOSS,-4.317385727489282,16,True
WTW,Double Bottom,2023-09-26 00:00:00-04:00,201.8068022396927,2023-10-17 00:00:00-04:00,208.7092448027935,WIN_T1,3.4203220538138965,21,True
CI,Double Bottom,2023-10-24 00:00:00-04:00,279.2744272497671,2023-10-25 00:00:00-04:00,288.5057431366515,WIN_T1,3.305464083407992,1,True
CME,Double Bottom,2023-10-24 00:00:00-04:00,184.40826409503305,2023-10-25 00:00:00-04:00,189.1119746032438,WIN_T1,2.550704834891111,1,True
JBL,Double Bottom,2023-10-24 00:00:00-04:00,116.61857226872,2023-11-02 00:00:00-04:00,124.3043234093868,WIN_T1,6.590503546001926,9,True
AMD,Double Bottom,2023-11-07 00:00:00-05:00,111.30999755859376,2023-11-14 00:00:00-05:00,120.4049949645996,WIN_T1,8.170871984089514,7,True
DELL,Double Bottom,2023-11-07 00:00:00-05:00,67.44582839145464,2023-11-10 00:00:00-05:00,70.54757495247792,WIN_T1,4.598870879042041,3,True
MGM,Double Bottom,2023-11-07 00:00:00-05:00,38.08000183105469,2023-11-09 00:00:00-05:00,40.31500053405762,WIN_T1,5.8692190008779415,2,True
MU,Double Bottom,2023-11-07 00:00:00-05:00,70.0550812593491,2023-11-09 00:00:00-05:00,73.52034474019298,WIN_T1,4.946484135840519,2,True
MCO,Double Bottom,2023-11-07 00:00:00-05:00,319.5271012495484,2023-11-09 00:00:00-05:00,333.44954176169267,WIN_T1,4.357201770272037,2,True
MSI,Double Bottom,2023-11-07 00:00:00-05:00,286.3432396186964,2023-11-08 00:00:00-05:00,298.6108305668446,WIN_T1,4.284225799946986,1,True
PSX,Double Bottom,2023-11-07 00:00:00-05:00,104.46778135470704,2023-11-09 00:00:00-05:00,100.94543655536609,LOSS,-3.3717044180169617,2,True
PTC,Double Bottom,2023-11-07 00:00:00-05:00,146.7899932861328,2023-11-13 00:00:00-05:00,152.87998962402344,WIN_T1,4.148781672071883,6,True
STX,Double Bottom,2023-11-07 00:00:00-05:00,66.2219919816826,2023-11-14 00:00:00-05:00,69.10694344377988,WIN_T1,4.356485475241022,7,True
TDG,Double Bottom,2023-11-07 00:00:00-05:00,751.2019528803414,2023-11-09 00:00:00-05:00,783.837616406186,WIN_T1,4.344459356197007,2,True
V,Double Bottom,2023-11-07 00:00:00-05:00,236.03519059327135,2023-11-14 00:00:00-05:00,242.7307414159505,WIN_T1,2.836674822025449,7,True
GWW,Double Bottom,2023-11-07 00:00:00-05:00,726.7112876638512,2023-11-08 00:00:00-05:00,761.2148640430614,WIN_T1,4.747907038863868,1,True
EQIX,Double Bottom,2023-11-07 00:00:00-05:00,710.7355916840334,2023-11-21 00:00:00-05:00,748.0625724051083,WIN_T1,5.251880046225285,14,True
ADBE,Double Bottom,2023-11-21 00:00:00-05:00,574.4000244140625,2023-11-22 00:00:00-05:00,612.2500305175781,WIN_T1,6.589485462178713,1,True
AVGO,Double Bottom,2023-11-21 00:00:00-05:00,89.79705639612835,2023-11-22 00:00:00-05:00,95.47052726885254,WIN_T1,6.318103399399176,1,True
COST,Double Bottom,2023-11-21 00:00:00-05:00,554.8019162760143,2023-11-27 00:00:00-05:00,572.6145918465188,WIN_T1,3.2106369945634325,6,True
COO,Double Bottom,2023-11-07 00:00:00-05:00,83.29750061035156,2023-12-13 00:00:00-05:00,86.97875213623047,WIN_T1,4.41940214160691,36,True
BNY,Cup & Handle (Weekly),2023-11-21 00:00:00-05:00,44.21822400220178,2023-12-12 00:00:00-05:00,47.00812454075999,WIN_T1,6.3093907580261215,21,True
ADBE,Double Bottom,2023-12-05 00:00:00-05:00,574.4000244140625,2023-12-11 00:00:00-05:00,612.2500305175781,WIN_T1,6.589485462178713,6,True
AMD,Double Bottom,2023-12-05 00:00:00-05:00,111.30999755859376,2023-12-06 00:00:00-05:00,120.4049949645996,WIN_T1,8.170871984089514,1,True
AAPL,Double Bottom,2023-12-05 00:00:00-05:00,179.90674578858014,2023-12-06 00:00:00-05:00,188.13052760358624,WIN_T1,4.571135884293296,1,True
CPRT,Double Bottom,2023-12-05 00:00:00-05:00,47.04999923706055,2023-12-12 00:00:00-05:00,49.369998931884766,WIN_T1,4.930923979690081,7,True
HBAN,Cup & Handle (Weekly),2023-12-05 00:00:00-05:00,10.48130226135254,2023-12-14 00:00:00-05:00,11.613734368595068,WIN_T1,10.804307317976312,9,True
IVZ,Cup & Handle (Weekly),2023-12-05 00:00:00-05:00,13.232827186584473,2023-12-14 00:00:00-05:00,15.382479159654316,WIN_T1,16.244842789522522,9,True
SNPS,Double Bottom,2023-12-05 00:00:00-05:00,502.6600036621094,2023-12-06 00:00:00-05:00,533.6800079345703,WIN_T1,6.171170183914761,1,True
LYB,Double Bottom,2023-11-21 00:00:00-05:00,78.11670830865245,2023-12-20 00:00:00-05:00,80.81705491006534,WIN_T1,3.4568105337252035,29,True
PM,Double Bottom,2023-12-19 00:00:00-05:00,84.53358563521057,2024-01-04 00:00:00-05:00,87.25802856010483,WIN_T1,3.2229118218776427,16,True
ACN,Double Bottom,2024-01-02 00:00:00-05:00,329.8667206177396,2024-01-12 00:00:00-05:00,337.93368892302874,WIN_T1,2.4455235405930567,10,True
YUM,Double Bottom,2023-12-19 00:00:00-05:00,122.66329901069892,2024-01-19 00:00:00-05:00,125.3896783848292,WIN_T1,2.222652901168486,31,True
RTX,Double Bottom,2024-01-02 00:00:00-05:00,79.75361634329832,2024-01-23 00:00:00-05:00,82.68090392744692,WIN_T1,3.6704136042535462,21,True
PANW,Double Bottom,2024-01-16 00:00:00-05:00,159.0,2024-01-18 00:00:00-05:00,168.33499908447266,WIN_T1,5.871068606586576,2,True
CRM,Double Bottom,2024-01-16 00:00:00-05:00,263.7961561373593,2024-01-19 00:00:00-05:00,274.34858082466803,WIN_T1,4.000219276058779,3,True
TYL,Double Bottom,2024-01-16 00:00:00-05:00,420.9800109863281,2024-01-22 00:00:00-05:00,432.15501403808594,WIN_T1,2.6545210604122333,6,True
BLK,Cup & Handle (Weekly),2023-12-19 00:00:00-05:00,758.1543028043608,2024-02-12 18:28:45.351254,758.8073120117188,TIME_EXIT,0.0861314385399557,55,True
MET,Cup & Handle (Weekly),2024-01-30 00:00:00-05:00,64.83502791339231,2024-02-01 00:00:00-05:00,61.285679289565,LOSS,-5.474430625014293,2,True
SW,Cup & Handle (Daily),2024-01-30 00:00:00-05:00,36.506980895996094,2024-02-02 00:00:00-05:00,35.39866860613367,LOSS,-3.0358913902518285,3,True
DVA,Double Bottom,2024-02-13 00:00:00-05:00,110.5,2024-02-14 00:00:00-05:00,114.04999923706056,WIN_T1,3.2126689928149745,1,True
GPC,Double Bottom,2024-02-13 00:00:00-05:00,131.94443501758462,2024-02-15 00:00:00-05:00,129.47180270790332,LOSS,-1.8739951475420444,2,True
NDSN,Double Bottom,2024-02-13 00:00:00-05:00,249.38758366948545,2024-02-14 00:00:00-05:00,254.2432912332887,WIN_T1,1.9470526528853005,1,True
UHS,Double Bottom,2024-02-13 00:00:00-05:00,158.6701603194457,2024-02-22 00:00:00-05:00,163.74115235922434,WIN_T1,3.195933015741192,9,True
NVR,Double Bottom,2024-02-13 00:00:00-05:00,7378.7998046875,2024-03-04 00:00:00-05:00,7735.594970703125,WIN_T1,4.835409219111287,20,True
CPRT,Double Bottom,2024-02-27 00:00:00-05:00,51.27000045776367,2024-02-28 00:00:00-05:00,53.040000915527344,WIN_T1,3.452312155178937,1,True
PPL,Double Bottom,2024-03-12 00:00:00-04:00,24.85707920536593,2024-03-28 00:00:00-04:00,25.6079496859054,WIN_T1,3.020751047763396,16,True
BNY,Double Bottom,2024-03-26 00:00:00-04:00,53.33285672314266,2024-03-28 00:00:00-04:00,54.51099007339029,WIN_T1,2.2090197724893312,2,True
GD,Double Bottom,2024-03-26 00:00:00-04:00,264.3889348431478,2024-04-01 00:00:00-04:00,271.217116975719,WIN_T1,2.5826278004494108,6,True
NVR,Double Bottom,2024-03-26 00:00:00-04:00,7840.0,2024-03-28 00:00:00-04:00,8117.47509765625,WIN_T1,3.539223184390944,2,True
SWK,Double Bottom,2024-03-26 00:00:00-04:00,84.91413941131871,2024-03-28 00:00:00-04:00,88.3859920711057,WIN_T1,4.0886625994871775,2,True
FERG,Double Bottom,2024-03-26 00:00:00-04:00,207.91133004782355,2024-04-22 00:00:00-04:00,200.0309887447591,LOSS,-3.7902413982209753,27,True
BNY,Double Bottom,2024-04-09 00:00:00-04:00,53.33285672314266,2024-04-15 00:00:00-04:00,51.70658969284286,LOSS,-3.049277931504682,6,True
NI,Double Bottom,2024-04-09 00:00:00-04:00,25.34449825991761,2024-04-16 00:00:00-04:00,24.655420717038652,LOSS,-2.7188446810514817,7,True
FE,Double Bottom,2024-03-12 00:00:00-04:00,34.17079775246644,2024-05-02 00:00:00-04:00,35.26798726571161,WIN_T1,3.210898151085672,51,True
SW,Cup & Handle (Weekly),2024-03-12 00:00:00-04:00,38.68217468261719,2024-05-06 00:00:00-04:00,44.4193821565607,WIN_T1,14.831657012607598,55,True
ALL,Double Bottom,2024-04-23 00:00:00-04:00,166.94575581185185,2024-05-03 00:00:00-04:00,160.08070991990877,LOSS,-4.11214161064388,10,True
PEP,Double Bottom,2024-04-23 00:00:00-04:00,160.87171385435698,2024-04-24 00:00:00-04:00,158.00528240251504,LOSS,-1.7818119687821763,1,True
LUV,Double Bottom,2024-04-23 00:00:00-04:00,27.93907431026774,2024-04-25 00:00:00-04:00,26.66311500260018,LOSS,-4.5669348006946615,2,True
LMT,Double Bottom,2024-04-23 00:00:00-04:00,430.7630421361542,2024-05-10 00:00:00-04:00,442.7451973011383,WIN_T1,2.781611696668456,17,True
TTD,Double Bottom,2024-05-07 00:00:00-04:00,89.87999725341797,2024-05-20 00:00:00-04:00,96.75999450683594,WIN_T1,7.654647823385792,13,True
TSCO,Double Bottom,2024-05-07 00:00:00-04:00,51.08938970102574,2024-05-17 00:00:00-04:00,53.61507445183217,WIN_T1,4.94365809728145,10,True
O,Double Bottom,2024-05-07 00:00:00-04:00,47.847216452768826,2024-05-23 00:00:00-04:00,46.34414728654797,LOSS,-3.141393120965711,16,True
HRL,Double Bottom,2024-05-21 00:00:00-04:00,32.512189386236095,2024-05-23 00:00:00-04:00,31.52551834541675,LOSS,-3.034772678941913,2,True
LHX,Double Bottom,2024-06-04 00:00:00-04:00,216.75267162926076,2024-06-12 00:00:00-04:00,210.9668407159276,LOSS,-2.669323921058443,8,True
VZ,Double Bottom,2024-06-04 00:00:00-04:00,35.279521914781704,2024-06-12 00:00:00-04:00,34.25624236384445,LOSS,-2.9004915469348003,8,True
AVY,Double Bottom,2024-05-21 00:00:00-04:00,215.4198871704532,2024-06-28 00:00:00-04:00,209.8746159091641,LOSS,-2.574168677797737,38,True
REG,Double Bottom,2024-06-04 00:00:00-04:00,56.076828264297525,2024-06-21 00:00:00-04:00,57.54964584545812,WIN_T1,2.626428110767974,17,True
TSCO,Double Bottom,2024-06-18 00:00:00-04:00,54.87696453884011,2024-06-25 00:00:00-04:00,52.37150246688871,LOSS,-4.565598868315908,7,True
UDR,Double Bottom,2024-06-18 00:00:00-04:00,36.35846613634413,2024-07-11 00:00:00-04:00,37.78134858482488,WIN_T1,3.913483157251312,23,True
MAA,Double Bottom,2024-06-18 00:00:00-04:00,126.20044721902497,2024-07-17 00:00:00-04:00,131.7316527076881,WIN_T1,4.382873128067098,29,True
AOS,Double Bottom,2024-07-16 00:00:00-04:00,81.80307674302348,2024-07-23 00:00:00-04:00,78.38010731342673,LOSS,-4.184401816999717,7,True
AME,Double Bottom,2024-07-16 00:00:00-04:00,169.84288301350043,2024-07-25 00:00:00-04:00,164.5220212955952,LOSS,-3.132814059381148,9,True
BEN,Double Bottom,2024-07-16 00:00:00-04:00,20.53280639434665,2024-07-17 00:00:00-04:00,21.299151623440512,WIN_T1,3.732296571524004,1,True
HAL,Double Bottom,2024-07-16 00:00:00-04:00,33.04513706233998,2024-07-23 00:00:00-04:00,31.667802763964563,LOSS,-4.168039296605321,7,True
HII,Double Bottom,2024-07-16 00:00:00-04:00,243.02151890311757,2024-07-17 00:00:00-04:00,252.0590796860852,WIN_T1,3.718831494329737,1,True
IR,Double Bottom,2024-07-16 00:00:00-04:00,95.09655227823252,2024-07-17 00:00:00-04:00,99.2626392095286,WIN_T1,4.3809021794049885,1,True
JPM,Double Bottom,2024-07-16 00:00:00-04:00,196.4897470075204,2024-07-17 00:00:00-04:00,203.6476702084499,WIN_T1,3.642899087582199,1,True
LOW,Double Bottom,2024-07-16 00:00:00-04:00,220.12163641259136,2024-07-17 00:00:00-04:00,228.87483925181655,WIN_T1,3.976529968557192,1,True
MET,Double Bottom,2024-07-16 00:00:00-04:00,67.9686737834147,2024-07-17 00:00:00-04:00,70.25617719115253,WIN_T1,3.3655260289866256,1,True
VTR,Cup & Handle (Weekly),2024-07-02 00:00:00-04:00,48.10395431518555,2024-07-31 00:00:00-04:00,52.25187850609013,WIN_T1,8.62283413069673,29,True
CTVA,Double Bottom,2024-07-30 00:00:00-04:00,53.48416639661051,2024-08-02 00:00:00-04:00,51.19086731409015,LOSS,-4.287809340645716,3,True
CIEN,Double Bottom,2024-08-27 00:00:00-04:00,53.619998931884766,2024-08-29 00:00:00-04:00,57.98499870300293,WIN_T1,8.140618907253552,2,True
RSG,Double Bottom,2024-08-27 00:00:00-04:00,202.0482217731974,2024-09-11 00:00:00-04:00,197.37916326424656,LOSS,-2.3108634503063947,15,True
STZ,Double Bottom,2024-09-10 00:00:00-04:00,235.03157922500185,2024-09-13 00:00:00-04:00,241.0088541145224,WIN_T1,2.5431794779366226,3,True
GD,Double Bottom,2024-09-10 00:00:00-04:00,285.95272707756453,2024-09-13 00:00:00-04:00,293.06545127704726,WIN_T1,2.4873776418132936,3,True
PEP,Double Bottom,2024-09-10 00:00:00-04:00,164.16347718489547,2024-09-20 00:00:00-04:00,159.32879334527627,LOSS,-2.945042297181579,10,True
AOS,Double Bottom,2024-09-24 00:00:00-04:00,80.45091273012834,2024-09-26 00:00:00-04:00,83.91896122369891,WIN_T1,4.310763390844436,2,True
CHRW,Double Bottom,2024-09-24 00:00:00-04:00,100.49799735875366,2024-09-25 00:00:00-04:00,104.47373952866192,WIN_T1,3.9560411892744503,1,True
DOV,Double Bottom,2024-09-24 00:00:00-04:00,182.7761954271165,2024-09-25 00:00:00-04:00,190.1948113039272,WIN_T1,4.058852335488596,1,True
IEX,Double Bottom,2024-09-24 00:00:00-04:00,200.8675992186293,2024-09-27 00:00:00-04:00,208.5820591474973,WIN_T1,3.840569588563367,3,True
IDXX,Double Bottom,2024-09-24 00:00:00-04:00,503.6000061035156,2024-10-03 00:00:00-04:00,478.19429670061385,LOSS,-5.044819121324554,9,True
KR,Double Bottom,2024-09-24 00:00:00-04:00,52.752174043091244,2024-09-30 00:00:00-04:00,54.841176358363,WIN_T1,3.960030753548336,6,True
LMT,Double Bottom,2024-09-24 00:00:00-04:00,552.1115979894797,2024-10-01 00:00:00-04:00,566.8151798327123,WIN_T1,2.663153952348727,7,True
NOC,Double Bottom,2024-09-24 00:00:00-04:00,513.6355770807365,2024-10-01 00:00:00-04:00,528.308867297591,WIN_T1,2.856751142561133,7,True
FITB,Double Bottom,2024-09-24 00:00:00-04:00,39.91776561212649,2024-10-15 00:00:00-04:00,41.84927149614207,WIN_T1,4.838712423895823,21,True
MTB,Double Bottom,2024-09-24 00:00:00-04:00,164.85073177435686,2024-10-11 00:00:00-04:00,172.6232384153647,WIN_T1,4.71487542539189,17,True
TSLA,Cup & Handle (Daily),2024-09-24 00:00:00-04:00,250.0,2024-10-11 00:00:00-04:00,230.0,LOSS,-8.0,17,True
CHRW,Double Bottom,2024-10-08 00:00:00-04:00,100.49799735875366,2024-10-09 00:00:00-04:00,104.47373952866192,WIN_T1,3.9560411892744503,1,True
DOV,Double Bottom,2024-10-08 00:00:00-04:00,182.7761954271165,2024-10-14 00:00:00-04:00,190.1948113039272,WIN_T1,4.058852335488596,6,True
IEX,Double Bottom,2024-10-08 00:00:00-04:00,200.8675992186293,2024-10-15 00:00:00-04:00,208.5820591474973,WIN_T1,3.840569588563367,7,True
LNT,Double Bottom,2024-10-22 00:00:00-04:00,57.21347394117754,2024-10-30 00:00:00-04:00,55.743990510557495,LOSS,-2.56842196320897,8,True
DASH,Cup & Handle (Daily),2024-10-22 00:00:00-04:00,152.16000366210938,2024-10-31 00:00:00-04:00,162.6439587260256,WIN_T1,6.890085969764552,9,True
ECL,Double Bottom,2024-10-22 00:00:00-04:00,251.94916046755276,2024-10-29 00:00:00-04:00,244.49506054226967,LOSS,-2.958573035706954,7,True
ETR,Double Bottom,2024-10-22 00:00:00-04:00,63.19507337959608,2024-10-23 00:00:00-04:00,64.85810278589912,WIN_T1,2.6315807821183603,1,True
HCA,Double Bottom,2024-10-22 00:00:00-04:00,402.767839934532,2024-10-25 00:00:00-04:00,384.91995931550656,LOSS,-4.431307281615761,3,True
JBHT,Double Bottom,2024-10-22 00:00:00-04:00,172.58142832487968,2024-10-30 00:00:00-04:00,179.42740584033945,WIN_T1,3.9668100918555416,8,True
JPM,Double Bottom,2024-10-22 00:00:00-04:00,209.82399812562028,2024-10-29 00:00:00-04:00,218.47549474250883,WIN_T1,4.1232159782357,7,True
NTRS,Double Bottom,2024-10-22 00:00:00-04:00,88.8071422109091,2024-10-23 00:00:00-04:00,92.2467255726873,WIN_T1,3.873093172629612,1,True
NVDA,Cup & Handle (Daily),2024-10-22 00:00:00-04:00,142.68705023422552,2024-10-31 00:00:00-04:00,134.04056624892934,LOSS,-6.059753825664414,9,True
ARES,Cup & Handle (Weekly),2024-10-08 00:00:00-04:00,146.5770671291193,2024-11-06 00:00:00-05:00,164.2480117806374,WIN_T1,12.05573627418251,29,True
EME,Double Bottom,2024-11-05 00:00:00-05:00,454.528465809193,2024-11-06 00:00:00-05:00,472.55977805069296,WIN_T1,3.967036962008304,1,True
GM,Double Bottom,2024-11-05 00:00:00-05:00,49.01548866198026,2024-11-06 00:00:00-05:00,51.99416901154832,WIN_T1,6.077018572862934,1,True
GPN,Double Bottom,2024-11-05 00:00:00-05:00,101.8161115140818,2024-11-06 00:00:00-05:00,105.59541727995251,WIN_T1,3.7118936381183936,1,True
ALL,Double Bottom,2024-11-19 00:00:00-05:00,192.1124008945692,2024-11-27 00:00:00-05:00,201.65086176908665,WIN_T1,4.9650417308313735,8,True
ATO,Double Bottom,2024-11-19 00:00:00-05:00,137.93195341806862,2024-11-21 00:00:00-05:00,141.59722585529502,WIN_T1,2.6573048132777823,2,True
BR,Double Bottom,2024-11-19 00:00:00-05:00,217.3266158367191,2024-11-25 00:00:00-05:00,225.61491176354969,WIN_T1,3.8137509733541854,6,True
CNP,Double Bottom,2024-11-19 00:00:00-05:00,28.87816563981333,2024-11-20 00:00:00-05:00,29.69358195572852,WIN_T1,2.8236430460493085,1,True
CTAS,Double Bottom,2024-11-19 00:00:00-05:00,211.62204385187647,2024-11-21 00:00:00-05:00,218.1022779543196,WIN_T1,3.0621734789495503,2,True
EVRG,Double Bottom,2024-11-19 00:00:00-05:00,57.65050106028135,2024-11-20 00:00:00-05:00,59.08943912564386,WIN_T1,2.4959680122431385,1,True
HON,Double Bottom,2024-11-19 00:00:00-05:00,211.78002015533832,2024-11-27 00:00:00-05:00,221.933073787963,WIN_T1,4.794150848213879,8,True
MSI,Double Bottom,2024-11-19 00:00:00-05:00,471.3257123659377,2024-11-22 00:00:00-05:00,489.2158665639687,WIN_T1,3.795709363749087,3,True
PYPL,Double Bottom,2024-11-19 00:00:00-05:00,82.27743484365803,2024-11-25 00:00:00-05:00,86.57025738205343,WIN_T1,5.217496810094452,6,True
PCG,Double Bottom,2024-11-19 00:00:00-05:00,20.617410196197195,2024-12-02 00:00:00-05:00,19.837801441854403,LOSS,-3.781312720288159,13,True
PPL,Double Bottom,2024-11-19 00:00:00-05:00,31.417334198029693,2024-11-20 00:00:00-05:00,32.273741202302304,WIN_T1,2.725906020143237,1,True
RSG,Double Bottom,2024-11-19 00:00:00-05:00,204.1037860979435,2024-11-21 00:00:00-05:00,209.95587586569732,WIN_T1,2.8672127448657934,2,True
TJX,Double Bottom,2024-11-19 00:00:00-05:00,115.6716491747747,2024-11-25 00:00:00-05:00,119.25223330410276,WIN_T1,3.095472533566074,6,True
VRSK,Double Bottom,2024-11-19 00:00:00-05:00,273.57868631179474,2024-11-21 00:00:00-05:00,281.54125742350755,WIN_T1,2.9105231913563423,2,True
VST,Double Bottom,2024-11-19 00:00:00-05:00,138.1136270909266,2024-11-20 00:00:00-05:00,151.96657868215874,WIN_T1,10.030112077291331,1,True
EOG,Double Bottom,2024-11-19 00:00:00-05:00,126.87311082411212,2024-12-04 00:00:00-05:00,121.15809556110298,LOSS,-4.504512599940918,15,True
CLX,Double Bottom,2024-12-03 00:00:00-05:00,151.5288448039705,2024-12-04 00:00:00-05:00,155.04727055774777,WIN_T1,2.3219511495180924,1,True
HAL,Double Bottom,2024-12-03 00:00:00-05:00,30.0851836288726,2024-12-06 00:00:00-05:00,28.49347637083724,LOSS,-5.2906682494296176,3,True
VZ,Double Bottom,2024-12-03 00:00:00-05:00,38.21607632956145,2024-12-16 00:00:00-05:00,36.95111434464933,LOSS,-3.3100257964830044,13,True
DRI,Double Bottom,2025-01-14 00:00:00-05:00,168.4977476072906,2025-01-21 00:00:00-05:00,177.1611511343943,WIN_T1,5.141554501544475,7,True
GM,Double Bottom,2025-01-28 00:00:00-05:00,50.22941203529415,2025-01-29 00:00:00-05:00,50.89658532531035,LOSS,1.3282522390415377,1,True
SOLV,Cup & Handle (Weekly),2025-01-28 00:00:00-05:00,74.98999786376953,2025-02-26 00:00:00-05:00,85.91653258111968,WIN_T1,14.570656125634011,29,True
PSX,Double Bottom,2025-02-25 00:00:00-05:00,117.6306099362928,2025-02-28 00:00:00-05:00,123.35164423734592,WIN_T1,4.863559157052383,3,True
NKE,Double Bottom,2025-02-25 00:00:00-05:00,75.86311408446801,2025-03-12 00:00:00-04:00,71.15207903246333,LOSS,-6.209915199050863,14,True
RSG,Double Bottom,2025-06-03 00:00:00-04:00,250.05715831091763,2025-06-11 00:00:00-04:00,242.75176998075617,LOSS,-2.921487382927884,8,True
ABBV,Cup & Handle (Daily),2025-06-03 00:00:00-04:00,179.72399446623615,2025-06-23 00:00:00-04:00,175.36791537890892,LOSS,-2.423760444599725,20,True
DVN,Double Bottom,2025-06-17 00:00:00-04:00,33.53674083842524,2025-06-24 00:00:00-04:00,31.6013968302462,LOSS,-5.77081719867539,7,True
BX,Double Bottom,2025-07-01 00:00:00-04:00,138.9922279018771,2025-07-02 00:00:00-04:00,144.56586268526638,WIN_T1,4.010033415195015,1,True
GL,Double Bottom,2025-07-01 00:00:00-04:00,122.3705410916114,2025-07-02 00:00:00-04:00,118.96020372357786,LOSS,-2.78689408219616,1,True
CHRW,Double Bottom,2025-07-15 00:00:00-04:00,95.31283451012769,2025-07-17 00:00:00-04:00,97.5081230582943,WIN_T1,2.303245475228575,2,True
MLM,Double Bottom,2025-07-15 00:00:00-04:00,555.5777024072361,2025-07-16 00:00:00-04:00,534.963702333654,LOSS,-3.710372101735653,1,True
CRL,Double Bottom,2025-07-29 00:00:00-04:00,168.1199951171875,2025-08-06 00:00:00-04:00,154.67039550781251,LOSS,-7.999999999999992,8,True
COP,Double Bottom,2025-07-29 00:00:00-04:00,93.18905992586171,2025-08-01 00:00:00-04:00,89.46528773866198,LOSS,-3.995932773828005,3,True
IDXX,Double Bottom,2025-07-29 00:00:00-04:00,549.52001953125,2025-07-30 00:00:00-04:00,570.8250274658203,WIN_T1,3.877021250789707,1,True
MSI,Double Bottom,2025-07-29 00:00:00-04:00,423.2247030553796,2025-07-31 00:00:00-04:00,435.13037755567785,WIN_T1,2.813085912600998,2,True
AMZN,Cup & Handle (Weekly),2025-07-01 00:00:00-04:00,219.5,2025-08-25 18:28:45.351254,227.94000244140625,TIME_EXIT,3.845103617952733,55,True
SNA,Double Bottom,2025-07-29 00:00:00-04:00,313.8385463756737,2025-08-25 00:00:00-04:00,324.8014712225504,WIN_T1,3.4931734719908443,27,True
APA,Double Bottom,2025-08-12 00:00:00-04:00,19.210010811471093,2025-08-19 00:00:00-04:00,20.211388927716374,WIN_T1,5.212793090399096,7,True
ATO,Double Bottom,2025-08-12 00:00:00-04:00,156.12998869530952,2025-08-13 00:00:00-04:00,161.2831125570233,WIN_T1,3.3005343206487896,1,True
L,Double Bottom,2025-08-12 00:00:00-04:00,92.95491996008944,2025-08-13 00:00:00-04:00,94.90415823127248,WIN_T1,2.0969715987275848,1,True
RTX,Double Bottom,2025-07-29 00:00:00-04:00,150.48379094758548,2025-08-26 00:00:00-04:00,156.82139009047532,WIN_T1,4.211482913197789,28,True
FOXA,Double Bottom,2025-08-26 00:00:00-04:00,57.45216540538647,2025-09-02 00:00:00-04:00,59.90378738582844,WIN_T1,4.267240343585234,7,True
FOXA,Double Bottom,2025-09-09 00:00:00-04:00,57.45216540538647,2025-09-18 00:00:00-04:00,59.90378738582844,WIN_T1,4.267240343585234,9,True
VMRK,Double Bottom,2025-09-09 00:00:00-04:00,63.18976631050629,2025-10-02 00:00:00-04:00,61.13255392374431,LOSS,-3.255610056623897,23,True
F,Cup & Handle (Weekly),2025-10-07 00:00:00-04:00,11.943167611620298,2025-10-09 00:00:00-04:00,11.137147064208984,LOSS,-6.748800432366721,2,True
J,Double Bottom,2025-10-07 00:00:00-04:00,150.46695738494932,2025-10-08 00:00:00-04:00,155.0036333790528,WIN_T1,3.0150646181387315,1,True
NDSN,Double Bottom,2025-10-07 00:00:00-04:00,228.8446892161149,2025-10-20 00:00:00-04:00,234.6631785560893,WIN_T1,2.542549429442781,13,True
BIIB,Double Bottom,2025-10-07 00:00:00-04:00,150.27999877929688,2025-10-30 00:00:00-04:00,141.06428745814733,LOSS,-6.132360524359501,23,True
AXP,Double Bottom,2025-10-21 00:00:00-04:00,345.4944698915627,2025-10-30 00:00:00-04:00,361.54253128836496,WIN_T1,4.644954636130394,9,True
EXR,Double Bottom,2025-10-21 00:00:00-04:00,142.6642965064299,2025-10-29 00:00:00-04:00,137.39199372925137,LOSS,-3.6956007258206434,8,True
MCD,Double Bottom,2025-10-21 00:00:00-04:00,300.7712617097625,2025-10-31 00:00:00-04:00,292.3918396367089,LOSS,-2.7859782964037163,10,True
VTR,Double Bottom,2025-10-21 00:00:00-04:00,69.23861449472233,2025-10-30 00:00:00-04:00,67.3731406332213,LOSS,-2.6942680397558,9,True
ROST,Double Bottom,2025-10-21 00:00:00-04:00,155.6374608612736,2025-11-05 00:00:00-05:00,162.81170853702145,WIN_T1,4.6095892570122,15,True
WFC,Double Bottom,2025-11-04 00:00:00-05:00,84.81056438196244,2025-11-21 00:00:00-05:00,80.43316034968952,LOSS,-5.161390051077068,17,True
HST,Double Bottom,2025-11-18 00:00:00-05:00,15.936420158938992,2025-11-25 00:00:00-05:00,16.60939462223756,WIN_T1,4.222870987252965,7,True
JKHY,Double Bottom,2025-11-18 00:00:00-05:00,157.18024415973645,2025-11-20 00:00:00-05:00,164.53062225928414,WIN_T1,4.67640073906348,2,True
BAC,Double Bottom,2025-11-04 00:00:00-05:00,52.04050535560516,2025-12-05 00:00:00-05:00,54.18097597052456,WIN_T1,4.113085759434994,31,True
VRTX,Double Bottom,2025-11-18 00:00:00-05:00,432.760009765625,2025-12-03 00:00:00-05:00,447.8500213623047,WIN_T1,3.486923758240085,15,True
LMT,Double Bottom,2025-12-16 00:00:00-05:00,473.99259442359886,2025-12-17 00:00:00-05:00,458.0171879614808,LOSS,-3.370391573637349,1,True
NTRS,Double Bottom,2025-12-16 00:00:00-05:00,132.401230312274,2025-12-22 00:00:00-05:00,139.01785010536753,WIN_T1,4.997400535846938,6,True
MAR,Double Bottom,2025-12-30 00:00:00-05:00,307.5997985192234,2026-01-08 00:00:00-05:00,322.06493286996147,WIN_T1,4.702582518055221,9,True
NTRS,Double Bottom,2025-12-30 00:00:00-05:00,132.401230312274,2026-01-05 00:00:00-05:00,139.01785010536753,WIN_T1,4.997400535846938,6,True
NVDA,Double Bottom,2025-12-30 00:00:00-05:00,187.7709870845105,2026-01-20 00:00:00-05:00,177.8330993772428,LOSS,-5.292557631810778,21,True
AKAM,Double Bottom,2026-01-13 00:00:00-05:00,90.76000213623048,2026-01-16 00:00:00-05:00,94.7900047302246,WIN_T1,4.440284816151855,3,True
CPT,Double Bottom,2026-01-13 00:00:00-05:00,103.81559600180466,2026-01-14 00:00:00-05:00,106.59099788038984,WIN_T1,2.673395891824313,1,True
CBRE,Double Bottom,2026-01-13 00:00:00-05:00,165.7100067138672,2026-01-15 00:00:00-05:00,170.9850082397461,WIN_T1,3.1832727730120087,2,True
MSI,Double Bottom,2026-01-13 00:00:00-05:00,376.0574208253911,2026-01-14 00:00:00-05:00,385.4151333048451,WIN_T1,2.488373307170799,1,True
REG,Double Bottom,2026-01-13 00:00:00-05:00,68.64574032565822,2026-01-22 00:00:00-05:00,70.42033037427316,WIN_T1,2.585142268400357,9,True
WSM,Double Bottom,2026-01-13 00:00:00-05:00,194.79224064683092,2026-01-14 00:00:00-05:00,205.4897848371404,WIN_T1,5.491771209565115,1,True
CSX,Cup & Handle (Weekly),2025-12-16 00:00:00-05:00,37.05400496119064,2026-02-06 00:00:00-05:00,40.38811717403448,WIN_T1,8.997980694221583,52,True
ALLE,Double Bottom,2026-01-27 00:00:00-05:00,163.2664125227733,2026-02-03 00:00:00-05:00,166.6148821316333,WIN_T1,2.0509237369277886,7,True
TRGP,Double Bottom,2026-01-27 00:00:00-05:00,187.23612574632668,2026-01-28 00:00:00-05:00,195.33161997325584,WIN_T1,4.323681765289883,1,True
FRT,Double Bottom,2026-02-10 00:00:00-05:00,101.81435765753282,2026-02-11 00:00:00-05:00,104.524899800526,WIN_T1,2.6622395950387068,1,True
HSIC,Double Bottom,2026-02-10 00:00:00-05:00,80.05000305175781,2026-03-09 00:00:00-04:00,75.97285570417132,LOSS,-5.093250708498205,26,True
SBAC,Double Bottom,2026-02-24 00:00:00-05:00,190.92329315475845,2026-03-02 00:00:00-05:00,199.3703143091538,WIN_T1,4.424300992728212,6,True
INTC,Double Bottom,2026-04-07 00:00:00-04:00,49.16999816894531,2026-04-08 00:00:00-04:00,53.43999671936035,WIN_T1,8.684154381587666,1,True
VTR,Double Bottom,2026-05-05 00:00:00-04:00,85.79747486180709,2026-05-13 00:00:00-04:00,89.24230083073648,WIN_T1,4.01506684722124,8,True
AES,Cup & Handle (Daily),2026-04-07 00:00:00-04:00,13.929127345784092,2026-06-01 18:28:45.351254,14.52577781677246,TIME_EXIT,4.283473445082373,55,True
RF,Cup & Handle (Daily),2026-04-07 00:00:00-04:00,26.358156204223636,2026-06-01 18:28:45.351254,27.34000015258789,TIME_EXIT,3.725009977013973,55,True
WELL,Double Bottom,2026-05-05 00:00:00-04:00,213.4527485545788,2026-06-01 00:00:00-04:00,202.50445591193957,LOSS,-5.129141094118928,27,True
APO,Double Bottom,2026-06-16 00:00:00-04:00,135.43439200179097,2026-06-24 00:00:00-04:00,127.00713220126995,LOSS,-6.222392758561337,8,True
KVUE,Double Bottom,2026-06-16 00:00:00-04:00,17.790696944970875,2026-06-24 00:00:00-04:00,18.445399440754123,WIN_T1,3.680027251368142,8,True
ESS,Double Bottom,2026-06-30 00:00:00-04:00,285.7866835973439,2026-07-01 00:00:00-04:00,294.0388211311856,WIN_T1,2.8875164615677105,1,True
V,Double Bottom,2026-06-30 00:00:00-04:00,334.5485043686942,2026-07-01 00:00:00-04:00,347.60924657528767,WIN_T1,3.903990613032214,1,True
VMRK,Double Bottom,2026-06-30 00:00:00-04:00,67.4800033569336,2026-07-07 00:00:00-04:00,70.99750827602931,WIN_T1,5.2126626320540765,7,True
ADP,Double Bottom,2026-07-14 00:00:00-04:00,235.32461335864951,2026-07-15 00:00:00-04:00,246.08691851209537,WIN_T1,4.573386948284675,1,True
CHRW,Double Bottom,2026-07-14 00:00:00-04:00,195.0,2026-07-27 00:00:00-04:00,183.6757114955357,LOSS,-5.8073274381868085,13,True
DVA,Cup & Handle (Weekly),2026-06-30 00:00:00-04:00,217.0399932861328,2026-08-05 00:00:00-04:00,199.6767938232422,LOSS,-7.99999999999999,36,True
VMRK,Double Bottom,2026-07-14 00:00:00-04:00,68.3203177467804,2026-08-10 00:00:00-04:00,65.81007977593545,LOSS,-3.67421881752482,27,True
TXT,Double Bottom,2026-07-28 00:00:00-04:00,90.91999816894533,2026-07-29 00:00:00-04:00,90.15285818917413,LOSS,-0.8437527444135234,1,True
INVH,Cup & Handle (Weekly),2026-06-30 00:00:00-04:00,30.26000022888184,2026-08-24 18:28:45.351254,30.459999084472656,TIME_EXIT,0.6609347457966317,55,True
ICE,Cup & Handle (Daily),2026-07-28 00:00:00-04:00,148.52999877929688,2026-08-19 00:00:00-04:00,159.4125784585962,WIN_T1,7.3268563716006705,22,True
