idx,symbol,date,detected,classification,quality_score,convergence_ratio,convergence_pct,up_slope,lo_slope,upper_descending,lower_descending,converging,n_peaks,n_troughs,n_touch,duration,price_change_pct,pnl_pct,chart
0,PNW,2025-07-15 04:00:00+00:00,True,CLEARLY_VALID,6.0,0.17468987760760807,82.5310122392392,-0.07304918124274375,0.027852981676036438,True,False,True,6.0,7.0,13.0,50.0,-1.3100180501970495,-1.3633541108540232,wedge_audit/wedge_000_PNW.png
1,MPWR,2022-06-07 04:00:00+00:00,True,CLEARLY_VALID,7.0,0.28469699321936015,71.53030067806398,-1.488066338423181,-0.37315994331529645,True,True,True,8.0,10.0,18.0,111.0,-20.962046598935927,-7.999999999999992,wedge_audit/wedge_001_MPWR.png
2,PEG,2021-12-21 05:00:00+00:00,True,PROBABLY_VALID,4.0,0.49114068848535913,50.88593115146409,0.06779377437063903,0.08674258123235606,False,False,True,14.0,12.0,26.0,116.0,19.14926577608467,5.3257815265377735,wedge_audit/wedge_002_PEG.png
3,AVGO,2026-02-10 05:00:00+00:00,True,CLEARLY_VALID,6.0,0.4030894917325906,59.691050826740934,-1.1909923475219466,-0.7804761133872427,True,True,True,12.0,12.0,24.0,113.0,-26.108536759158348,-7.9999999999999964,wedge_audit/wedge_003_AVGO.png
4,CL,2023-07-05 04:00:00+00:00,True,CLEARLY_VALID,6.0,0.11928346167783639,88.07165383221636,-0.1501551966236227,0.020007491810385785,True,False,True,3.0,4.0,7.0,34.0,-3.073518095166861,-1.356382449766421,wedge_audit/wedge_004_CL.png
5,MSCI,2023-05-23 04:00:00+00:00,False,NOT_DETECTED,,,,,,,,,,,,,,9.127563134628724,
6,HWM,2023-04-11 04:00:00+00:00,True,CLEARLY_VALID,6.0,0.4371173741403928,56.288262585960716,-0.0847555027250899,-0.04547961107533747,True,True,True,13.0,11.0,24.0,108.0,-15.07175555153975,6.3561152652551485,wedge_audit/wedge_006_HWM.png
7,NOC,2022-08-02 04:00:00+00:00,True,CLEARLY_VALID,7.0,0.2685382310816351,73.14617689183649,-0.6398060241477602,-0.15715323793064828,True,True,True,12.0,11.0,23.0,113.0,-9.64104596605291,3.5170418227989004,wedge_audit/wedge_007_NOC.png
8,FFIV,2025-12-30 05:00:00+00:00,True,CLEARLY_VALID,6.0,0.03486557303179247,96.51344269682075,-1.351371651400966,0.46204759736342377,True,False,True,6.0,8.0,14.0,76.0,-11.890184180825965,8.345356051929663,wedge_audit/wedge_008_FFIV.png
9,TKO,2022-05-24 04:00:00+00:00,True,CLEARLY_VALID,6.0,0.2222597643083555,77.77402356916446,-0.08460349506958033,0.039263460931463295,True,False,True,7.0,6.0,13.0,65.0,-2.598657348568877,6.753789338454146,wedge_audit/wedge_009_TKO.png
10,KO,2025-10-07 04:00:00+00:00,True,CLEARLY_VALID,7.0,0.20206397530281064,79.79360246971893,-0.16961103920559525,-0.10700010405272721,True,True,True,4.0,3.0,7.0,33.0,-6.700741707321479,2.023578777449449,wedge_audit/wedge_010_KO.png
11,NWSA,2026-03-10 04:00:00+00:00,True,CLEARLY_VALID,7.0,0.22187427494378842,77.81257250562116,-0.11363022360471299,-0.08012364714011952,True,True,True,15.0,12.0,27.0,115.0,-32.956326367118535,4.940518528731911,wedge_audit/wedge_011_NWSA.png
12,NSC,2025-01-14 05:00:00+00:00,True,CLEARLY_VALID,7.0,0.2170066011267545,78.29933988732455,-1.0737265693185367,-0.5678656544413593,True,True,True,5.0,5.0,10.0,56.0,-17.1496151909627,5.883047106864805,wedge_audit/wedge_012_NSC.png
13,V,2022-03-29 04:00:00+00:00,True,CLEARLY_VALID,6.0,0.4486691717578608,55.13308282421392,-0.46001472064059173,-0.28111197487568296,True,True,True,13.0,13.0,26.0,106.0,-16.28206887715946,-4.837695745530455,wedge_audit/wedge_013_V.png
14,AXP,2025-05-06 04:00:00+00:00,True,CLEARLY_VALID,6.0,0.2230561553435355,77.69438446564645,-0.4832816926379113,0.05505388047290132,True,False,True,14.0,14.0,28.0,107.0,-8.441540105100392,8.864741277993861,wedge_audit/wedge_014_AXP.png
15,IVZ,2024-05-07 04:00:00+00:00,True,CLEARLY_VALID,7.0,0.28782809594633896,71.21719040536611,-0.05790021382378974,-0.036269602400564184,True,True,True,6.0,5.0,11.0,52.0,-15.728960975465,4.27801401502513,wedge_audit/wedge_015_IVZ.png
16,HIG,2022-01-04 05:00:00+00:00,True,CLEARLY_VALID,5.0,0.6783253490301101,32.16746509698899,-0.15242973028479595,-0.12316389586057988,True,True,True,6.0,5.0,11.0,49.0,-10.128218022548566,4.237641201460972,wedge_audit/wedge_016_HIG.png
17,CPRT,2022-01-04 05:00:00+00:00,True,BORDERLINE,2.0,29.725788825868587,-2872.5788825868585,0.014723333314408171,-0.1250489453280269,False,True,False,5.0,3.0,8.0,33.0,-4.8567047767977485,-4.344796033857096,wedge_audit/wedge_017_CPRT.png
18,META,2022-03-29 04:00:00+00:00,True,CLEARLY_VALID,7.0,0.21947350674895663,78.05264932510434,-2.4709661799240337,-1.316711623841311,True,True,True,4.0,7.0,11.0,70.0,-42.834880712239524,-7.999999999999999,wedge_audit/wedge_018_META.png
19,FISV,2023-04-11 04:00:00+00:00,True,CLEARLY_VALID,7.0,0.29456276890218086,70.54372310978192,-0.17290236310261028,-0.04234208371702873,True,True,True,9.0,10.0,19.0,74.0,-6.701243566371966,3.862383958642417,wedge_audit/wedge_019_FISV.png
20,GOOGL,2023-04-11 04:00:00+00:00,True,CLEARLY_VALID,6.0,0.15838039662407924,84.16196033759208,-0.013149351485665756,0.2597173901838448,True,False,True,5.0,5.0,10.0,54.0,7.175464823222716,8.681254672821206,wedge_audit/wedge_020_GOOGL.png
21,MU,2024-09-24 04:00:00+00:00,True,CLEARLY_VALID,7.0,0.1651950655527896,83.48049344472103,-0.6442819952300196,-0.029076307214546775,True,True,True,5.0,2.0,7.0,56.0,-17.850072013189727,15.91962179332056,wedge_audit/wedge_021_MU.png
22,RF,2025-05-06 04:00:00+00:00,True,CLEARLY_VALID,7.0,0.15284241792212935,84.71575820778706,-0.10502064781491263,-0.032521144259144937,True,True,True,6.0,6.0,12.0,53.0,-16.758008778476942,12.221237854751411,wedge_audit/wedge_022_RF.png
23,AMCR,2021-12-21 05:00:00+00:00,True,CLEARLY_VALID,7.0,0.24762412448324603,75.2375875516754,-0.07022220463976063,-0.021613933269920216,True,True,True,12.0,12.0,24.0,111.0,-9.624850126011795,5.94778717697919,wedge_audit/wedge_023_AMCR.png
24,CMG,2025-01-28 05:00:00+00:00,True,CLEARLY_VALID,7.0,0.1516124925653709,84.83875074346291,-0.3032826748950842,-0.09368829769576288,True,True,True,6.0,4.0,10.0,49.0,-14.81892612036431,-4.743976864795829,wedge_audit/wedge_024_CMG.png
25,MAA,2023-01-31 05:00:00+00:00,True,CLEARLY_VALID,7.0,0.26705548483552155,73.29445151644785,-0.2049487295264886,-0.0702697458181978,True,True,True,10.0,11.0,21.0,115.0,-10.64512022683926,4.013607949421402,wedge_audit/wedge_025_MAA.png
26,CL,2025-12-30 05:00:00+00:00,True,BORDERLINE,2.0,1.7180263437394947,-71.80263437394947,0.010590998095069913,-0.03400198347911392,False,True,False,6.0,4.0,10.0,32.0,-0.48460995792372186,-2.518433309947916,wedge_audit/wedge_026_CL.png
27,COP,2025-08-26 04:00:00+00:00,True,CLEARLY_VALID,6.0,0.2681391424154623,73.18608575845377,-0.023101304397033433,0.11318519278309601,True,False,True,5.0,5.0,10.0,50.0,2.5252845154594414,-2.7640197492854504,wedge_audit/wedge_027_COP.png
28,NWSA,2025-11-04 05:00:00+00:00,True,CLEARLY_VALID,7.0,0.2094809782554171,79.05190217445829,-0.19735833296020505,-0.14803292070556767,True,True,True,12.0,12.0,24.0,111.0,-43.72165388417711,2.1230005059532795,wedge_audit/wedge_028_NWSA.png
29,MSI,2025-01-14 05:00:00+00:00,True,CLEARLY_VALID,7.0,0.2971906000700021,70.28093999299979,-1.6065985403474277,-1.0528166548161293,True,True,True,4.0,3.0,7.0,33.0,-9.040589832347308,2.908813969491681,wedge_audit/wedge_029_MSI.png
30,CEG,2024-05-07 04:00:00+00:00,True,CLEARLY_VALID,6.0,0.19719803204378783,80.28019679562122,-0.2249964093459746,0.5616420886798925,True,False,True,4.0,4.0,8.0,29.0,2.683759305217497,7.50946120152685,wedge_audit/wedge_030_CEG.png
31,TMO,2023-04-11 04:00:00+00:00,True,CLEARLY_VALID,7.0,0.2609936602238902,73.90063397761098,-0.9920262306299011,-0.4592827514186498,True,True,True,10.0,13.0,23.0,114.0,-13.386406266337936,4.541803014816297,wedge_audit/wedge_031_TMO.png
32,SYY,2024-06-18 04:00:00+00:00,True,CLEARLY_VALID,7.0,0.045978795390741775,95.40212046092581,-0.2886478966528776,-0.11159111439409945,True,True,True,2.0,4.0,6.0,22.0,-6.27093905214231,-2.755955814926048,wedge_audit/wedge_032_SYY.png
33,NWSA,2025-04-22 04:00:00+00:00,True,BORDERLINE,3.0,2.9971233026802007,-199.71233026802005,-0.07193546906862752,-0.1675495512479827,True,True,False,4.0,2.0,6.0,32.0,-13.855243508759305,9.807845568256331,wedge_audit/wedge_033_NWSA.png
34,HAL,2023-07-05 04:00:00+00:00,True,CLEARLY_VALID,6.0,0.27299892296460054,72.70010770353994,-0.013988620723249488,0.05355215460083835,True,False,True,7.0,6.0,13.0,72.0,5.161045335545091,8.574133582749123,wedge_audit/wedge_034_HAL.png
35,VLTO,2026-06-30 04:00:00+00:00,True,CLEARLY_VALID,7.0,0.2737277596930251,72.62722403069749,-0.2044737690750163,-0.07278662705959993,True,True,True,5.0,6.0,11.0,50.0,-7.8010581848096505,5.437366357417887,wedge_audit/wedge_035_VLTO.png
36,WFC,2021-10-26 04:00:00+00:00,True,CLEARLY_VALID,6.0,0.2584279358966362,74.15720641033639,-0.03137654677587649,0.04557195320295154,True,False,True,6.0,8.0,14.0,68.0,1.180732598880097,6.793740494058209,wedge_audit/wedge_036_WFC.png
37,MCHP,2026-04-07 04:00:00+00:00,True,CLEARLY_VALID,7.0,0.24374023942938008,75.62597605706199,-0.5215393677282537,-0.13509245858422428,True,True,True,3.0,4.0,7.0,36.0,-16.244084216299203,14.43832040303344,wedge_audit/wedge_037_MCHP.png
38,LH,2026-06-30 04:00:00+00:00,True,CLEARLY_VALID,6.0,0.23832642721352013,76.16735727864798,-0.18211983204624815,0.17711169654391337,True,False,True,9.0,12.0,21.0,111.0,-0.106340400958735,5.745061558486602,wedge_audit/wedge_038_LH.png
39,LYV,2022-09-13 04:00:00+00:00,True,CLEARLY_VALID,6.0,0.32495534327375014,67.50446567262497,-0.3254547119140627,-0.06511444685388254,True,True,True,2.0,4.0,6.0,22.0,-4.502582483284387,-2.350770667683242,wedge_audit/wedge_039_LYV.png
40,PSKY,2025-12-02 05:00:00+00:00,True,CLEARLY_VALID,7.0,0.26681925136838164,73.31807486316184,-0.09968451953782602,-0.05548955206962707,True,True,True,6.0,5.0,11.0,55.0,-22.56179079534521,-6.115060573438995,wedge_audit/wedge_040_PSKY.png
41,KEY,2024-05-07 04:00:00+00:00,True,CLEARLY_VALID,5.5,0.34854331993361065,65.14566800663893,-0.04556238091499324,-0.014438183491775837,True,True,True,2.0,3.0,5.0,27.0,-5.934728462073284,4.9201467345690215,wedge_audit/wedge_041_KEY.png
42,AZO,2023-11-07 05:00:00+00:00,True,CLEARLY_VALID,7.0,0.25684994429477664,74.31500557052233,-3.296669699928961,-0.5296644422743135,True,True,True,12.0,14.0,26.0,99.0,-7.094145403726454,4.4939953316467625,wedge_audit/wedge_042_AZO.png
43,GPN,2023-07-05 04:00:00+00:00,True,CLEARLY_VALID,6.0,0.4873691652213239,51.26308347786761,-0.20025665832269807,-0.11999544441126937,True,True,True,6.0,5.0,11.0,52.0,-8.123458105226714,4.224618944174171,wedge_audit/wedge_043_GPN.png
44,ELV,2022-08-16 04:00:00+00:00,True,CLEARLY_VALID,6.0,0.23460232840089917,76.53976715991008,-0.20402811511035687,0.3762605564682089,True,False,True,15.0,13.0,28.0,113.0,2.221858559897415,-4.488914798628076,wedge_audit/wedge_044_ELV.png
45,ALL,2023-04-11 04:00:00+00:00,True,CLEARLY_VALID,7.0,0.24254577228546936,75.74542277145306,-0.7959927887444627,-0.424179828166172,True,True,True,5.0,4.0,9.0,52.0,-25.20315380705836,15.058321505682876,wedge_audit/wedge_045_ALL.png
46,TT,2026-04-07 04:00:00+00:00,True,CLEARLY_VALID,7.0,0.29599355301008595,70.40064469899141,-1.7038985230340598,-0.8683454681357106,True,True,True,6.0,7.0,13.0,56.0,-15.0096173700728,5.931959873768268,wedge_audit/wedge_046_TT.png
47,ALGN,2023-10-24 04:00:00+00:00,True,CLEARLY_VALID,7.0,0.29280603476800915,70.71939652319908,-3.046353523186363,-2.3525994278235487,True,True,True,6.0,6.0,12.0,49.0,-34.277118778753916,-5.600389611091833,wedge_audit/wedge_047_ALGN.png
48,TPL,2022-05-24 04:00:00+00:00,True,CLEARLY_VALID,7.0,0.2813549603331437,71.86450396668562,-0.378808080699468,-0.028673041916198985,True,True,True,7.0,7.0,14.0,75.0,-9.726922457033584,9.058472481237343,wedge_audit/wedge_048_TPL.png
49,CMCSA,2022-03-29 04:00:00+00:00,True,CLEARLY_VALID,6.0,0.3948011733718386,60.51988266281614,-0.08656832944833245,-0.05716960722457365,True,True,True,10.0,10.0,20.0,110.0,-17.884249523649043,-4.081981285913354,wedge_audit/wedge_049_CMCSA.png
50,GPN,2024-01-30 05:00:00+00:00,True,CLEARLY_VALID,6.0,0.2580002877305809,74.19997122694191,-0.18098094508557047,0.09832314234043922,True,False,True,3.0,3.0,6.0,30.0,-0.9836434274620569,4.465383142164829,wedge_audit/wedge_050_GPN.png
51,LEN,2022-04-26 04:00:00+00:00,True,CLEARLY_VALID,7.0,0.22586709489729484,77.41329051027051,-0.46090267365189797,-0.28550260385093273,True,True,True,11.0,10.0,21.0,107.0,-37.245062706759576,7.550889140977094,wedge_audit/wedge_051_LEN.png
52,ARES,2023-12-05 05:00:00+00:00,True,BORDERLINE,2.0,0.84515900786693,15.484099213307001,0.011541161785012957,0.044506003277542616,False,False,True,6.0,5.0,11.0,53.0,1.5491775496824403,6.256548466485391,wedge_audit/wedge_052_ARES.png
53,L,2023-11-07 05:00:00+00:00,True,PROBABLY_VALID,4.0,0.5035939244701856,49.64060755298144,-0.020349792466207755,0.045266634432416394,True,False,True,3.0,3.0,6.0,34.0,0.6750903422069664,3.493603921595964,wedge_audit/wedge_053_L.png
54,TPR,2025-05-06 04:00:00+00:00,True,CLEARLY_VALID,7.0,0.25618263583986883,74.38173641601311,-0.2711852035199217,-0.07942163681043504,True,True,True,8.0,7.0,15.0,70.0,-16.16221972031009,7.83259641678051,wedge_audit/wedge_054_TPR.png
55,ERIE,2023-06-20 04:00:00+00:00,True,CLEARLY_VALID,7.0,0.15144676312305755,84.85532368769424,-0.6560620267452179,-0.0731432751790895,True,True,True,3.0,4.0,7.0,28.0,-4.806530333092049,-1.7111936116974196,wedge_audit/wedge_055_ERIE.png
56,RSG,2026-06-30 04:00:00+00:00,True,CLEARLY_VALID,5.5,0.2970580192571602,70.29419807428398,-0.3034897629420218,0.2419983238491377,True,False,True,2.0,3.0,5.0,28.0,-0.4150646874135898,5.171447474302644,wedge_audit/wedge_056_RSG.png
57,CVNA,2022-02-01 05:00:00+00:00,True,CLEARLY_VALID,5.0,0.6544175119080098,34.55824880919902,-0.7304762486646718,-0.6716052713156396,True,True,True,9.0,10.0,19.0,70.0,-64.49200215208307,-7.999999999999995,wedge_audit/wedge_057_CVNA.png
58,ROK,2026-01-13 05:00:00+00:00,True,CLEARLY_VALID,5.0,0.2503677880555229,74.96322119444771,0.34499665343232316,0.758084825617577,False,False,True,11.0,12.0,23.0,104.0,16.615307441791433,3.5623988142502347,wedge_audit/wedge_058_ROK.png
59,CPRT,2024-06-18 04:00:00+00:00,True,CLEARLY_VALID,7.0,0.28763250700330756,71.23674929966924,-0.07512413177397852,-0.029389672436065148,True,True,True,11.0,8.0,19.0,109.0,-9.726133933527336,-3.783967913383728,wedge_audit/wedge_059_CPRT.png
60,LMT,2024-12-31 05:00:00+00:00,True,CLEARLY_VALID,7.0,0.24784102196404328,75.21589780359568,-2.4597788136791774,-1.94170226661433,True,True,True,12.0,9.0,21.0,103.0,-33.30364683557626,-0.997053747234866,wedge_audit/wedge_060_LMT.png
61,JBHT,2022-07-19 04:00:00+00:00,True,CLEARLY_VALID,6.0,0.19163872729751064,80.83612727024894,-0.4271604830789501,0.039719997030752914,True,False,True,5.0,6.0,11.0,51.0,-6.042606684561699,7.993746314357105,wedge_audit/wedge_061_JBHT.png
62,BALL,2024-01-30 05:00:00+00:00,True,CLEARLY_VALID,7.0,0.25719742942692453,74.28025705730754,-0.19025531693153053,-0.07988995611673842,True,True,True,3.0,3.0,6.0,30.0,-7.191286395064571,4.200349678571627,wedge_audit/wedge_062_BALL.png
63,MGM,2022-03-29 04:00:00+00:00,True,PROBABLY_VALID,4.0,0.9649478141978793,3.505218580212066,-0.22328414119494958,-0.21609913800333358,True,True,True,4.0,4.0,8.0,32.0,-15.605092334800222,-7.254478950023873,wedge_audit/wedge_063_MGM.png
64,CME,2025-01-28 05:00:00+00:00,True,CLEARLY_VALID,6.0,0.162720276174608,83.72797238253919,-0.19053261525836726,0.2134536562304557,True,False,True,5.0,5.0,10.0,45.0,0.23494838706858145,4.890678010543431,wedge_audit/wedge_064_CME.png
65,SRE,2023-07-18 04:00:00+00:00,True,BORDERLINE,2.0,0.934263581785306,6.5736418214694,0.012977895758993413,0.019933196937596428,False,False,True,4.0,4.0,8.0,26.0,0.6471807101070207,5.406371379360534,wedge_audit/wedge_065_SRE.png
66,TJX,2026-08-11 04:00:00+00:00,True,CLEARLY_VALID,6.0,0.021390448502558758,97.86095514974413,-0.24924958199869746,0.2481923431919091,True,False,True,6.0,6.0,12.0,56.0,-0.019071903417091113,-0.7103714883221826,wedge_audit/wedge_066_TJX.png
67,COR,2025-07-01 04:00:00+00:00,True,CLEARLY_VALID,7.0,0.23841468811289923,76.15853118871007,-0.31823262308563405,-0.0722116216552127,True,True,True,11.0,10.0,21.0,104.0,-6.62872499923835,2.947291418378162,wedge_audit/wedge_067_COR.png
68,CL,2025-05-20 04:00:00+00:00,True,CLEARLY_VALID,7.0,0.2915636960656606,70.84363039343393,-0.16954317677131395,-0.005422248402589868,True,True,True,4.0,5.0,9.0,50.0,-4.788556236570727,-2.576433189302741,wedge_audit/wedge_068_CL.png
69,EXPD,2023-12-05 05:00:00+00:00,True,CLEARLY_VALID,6.0,0.23851388299393747,76.14861170060625,-0.06128475187864808,0.06150888152402572,True,False,True,12.0,12.0,24.0,108.0,0.010942571832619152,4.945717796944067,wedge_audit/wedge_069_EXPD.png
70,CHTR,2025-03-11 04:00:00+00:00,True,CLEARLY_VALID,6.0,0.07681568681067315,92.31843131893268,-0.5891717844721266,0.4757405975718545,True,False,True,4.0,10.0,14.0,62.0,-0.9833253714898361,-1.83499922245477,wedge_audit/wedge_070_CHTR.png
71,PPG,2023-01-17 05:00:00+00:00,True,CLEARLY_VALID,7.0,0.2622402919336509,73.77597080663492,-0.2609714882001942,-0.09084083398581125,True,True,True,7.0,8.0,15.0,70.0,-9.681621593465541,4.779847409040092,wedge_audit/wedge_071_PPG.png
72,GPC,2025-12-16 05:00:00+00:00,True,CLEARLY_VALID,6.0,0.01923652986876533,98.07634701312347,-0.16573155242159912,0.20991785652361927,True,False,True,5.0,6.0,11.0,52.0,0.9282872271872571,-0.6057377644515849,wedge_audit/wedge_072_GPC.png
73,TXN,2022-03-15 04:00:00+00:00,True,CLEARLY_VALID,7.0,0.17490893147837283,82.50910685216272,-0.6523492566202519,-0.17652586191106873,True,True,True,5.0,6.0,11.0,33.0,-8.776442805265749,6.586364024782629,wedge_audit/wedge_073_TXN.png
74,HD,2022-02-01 05:00:00+00:00,True,CLEARLY_VALID,5.5,0.34245122358205626,65.75487764179438,-2.6210572694465344,-1.3192744787052104,True,True,True,2.0,3.0,5.0,20.0,-11.176462206055334,-4.607340106251446,wedge_audit/wedge_074_HD.png
75,JKHY,2025-09-09 04:00:00+00:00,True,CLEARLY_VALID,6.0,0.0510256681524831,94.89743318475169,-0.5049389495532907,0.11148551837996278,True,False,True,6.0,8.0,14.0,53.0,-6.163444071372371,-0.2932479824372695,wedge_audit/wedge_075_JKHY.png
76,EXPD,2023-04-25 04:00:00+00:00,True,CLEARLY_VALID,5.0,0.45258470067516815,54.74152993248318,-0.04947519936274641,0.02293110097294135,True,False,True,11.0,10.0,21.0,109.0,-1.3807644944547304,-3.257208420779286,wedge_audit/wedge_076_EXPD.png
77,IVZ,2026-04-21 04:00:00+00:00,True,CLEARLY_VALID,7.0,0.22217201340914638,77.78279865908536,-0.07126517678410668,-0.002737825781204605,True,True,True,8.0,11.0,19.0,73.0,-10.472962754324978,8.302072276208149,wedge_audit/wedge_077_IVZ.png
78,EOG,2023-07-18 04:00:00+00:00,True,CLEARLY_VALID,6.0,0.2699329925593912,73.00670074406088,-0.10171423261183907,0.06000151223442063,True,False,True,4.0,5.0,9.0,54.0,-1.1225183970431387,5.926096764662478,wedge_audit/wedge_078_EOG.png
79,PAYX,2022-03-29 04:00:00+00:00,True,CLEARLY_VALID,5.0,0.6860577012949098,31.394229870509015,-0.17239745643891183,-0.1282273212592371,True,True,True,7.0,10.0,17.0,108.0,-13.79642201841152,6.140892972091212,wedge_audit/wedge_079_PAYX.png
80,GOOG,2023-04-11 04:00:00+00:00,True,CLEARLY_VALID,6.0,0.11628393203292396,88.3716067967076,-0.03145548291157718,0.2671392432606453,True,False,True,5.0,5.0,10.0,54.0,6.815857355819886,9.048852426863634,wedge_audit/wedge_080_GOOG.png
81,DGX,2022-05-24 04:00:00+00:00,True,CLEARLY_VALID,6.0,0.48049986738681155,51.95001326131885,-0.1667655228433443,-0.05544915280260566,True,True,True,6.0,7.0,13.0,56.0,-4.790172836903668,4.734677740789557,wedge_audit/wedge_081_DGX.png
82,CPAY,2024-07-02 04:00:00+00:00,True,BORDERLINE,3.0,2.0959200545379293,-109.59200545379292,-1.1333696687142862,-1.4297671427140637,True,True,False,4.0,6.0,10.0,47.0,-19.800638574977416,5.188993062412925,wedge_audit/wedge_082_CPAY.png
83,TRGP,2025-07-01 04:00:00+00:00,True,CLEARLY_VALID,6.0,0.28272193383635225,71.72780661636477,-0.09543635649737822,0.21508856977758647,True,False,True,8.0,6.0,14.0,67.0,2.537318290077218,-5.121606661265184,wedge_audit/wedge_083_TRGP.png
84,TER,2023-12-05 05:00:00+00:00,True,CLEARLY_VALID,5.0,0.6850982817527093,31.490171824729075,-0.19381412409947152,-0.14611012337851648,True,True,True,8.0,7.0,15.0,65.0,-11.288147672686339,5.130289789882557,wedge_audit/wedge_084_TER.png
85,AZO,2022-10-11 04:00:00+00:00,True,CLEARLY_VALID,6.0,0.49052157390246837,50.94784260975316,-2.912447090028593,-0.7579583423019642,True,True,True,7.0,5.0,12.0,74.0,-5.981759790866843,5.621145558579195,wedge_audit/wedge_085_AZO.png
86,ED,2023-11-21 05:00:00+00:00,True,CLEARLY_INVALID,1.0,1.0677603678074934,-6.776036780749339,0.16143141325498833,0.1509247475033417,False,False,False,4.0,5.0,9.0,25.0,4.946588494914052,1.914221038793498,wedge_audit/wedge_086_ED.png
87,PANW,2023-11-21 05:00:00+00:00,True,PROBABLY_VALID,4.0,0.651897510598101,34.8102489401899,-0.02454898338419263,0.0626874391840993,True,False,True,8.0,8.0,16.0,70.0,1.092418263789733,8.6005109856132,wedge_audit/wedge_087_PANW.png
88,VRTX,2023-03-14 04:00:00+00:00,True,CLEARLY_VALID,7.0,0.036104704654287126,96.38952953457128,-1.3174437329285182,-0.3781249301457449,True,True,True,3.0,4.0,7.0,29.0,-8.00295727179214,4.967581797329781,wedge_audit/wedge_088_VRTX.png
89,ED,2025-09-23 04:00:00+00:00,True,CLEARLY_VALID,7.0,0.2634020935142686,73.65979064857314,-0.2943295218419145,-0.2175806807432484,True,True,True,9.0,9.0,18.0,69.0,-16.13640152883224,2.2965740709513858,wedge_audit/wedge_089_ED.png
90,KMI,2023-06-20 04:00:00+00:00,True,CLEARLY_VALID,6.0,0.2488722168705549,75.1127783129445,-0.009543512682787747,0.009298344657345926,True,False,True,5.0,5.0,10.0,53.0,-0.045580055264206366,-2.424804386871809,wedge_audit/wedge_090_KMI.png
91,HLT,2025-12-02 05:00:00+00:00,True,CLEARLY_VALID,5.0,0.45962930486226256,54.03706951377374,-0.01575021865723052,0.20991641666676297,True,False,True,6.0,9.0,15.0,70.0,2.5928236441173484,4.770757313256836,wedge_audit/wedge_091_HLT.png
92,RVTY,2025-10-21 04:00:00+00:00,True,CLEARLY_VALID,6.0,0.20422612368930138,79.57738763106987,-0.03621344587526477,0.25496347578672446,True,False,True,3.0,5.0,8.0,41.0,5.2406351545192695,8.186952298307157,wedge_audit/wedge_092_RVTY.png
93,F,2025-08-12 04:00:00+00:00,True,CLEARLY_VALID,6.0,0.08654091329550921,91.34590867044908,-0.032008059556946085,0.012985465378004022,True,False,True,3.0,3.0,6.0,27.0,-2.407020633091754,6.331885639737391,wedge_audit/wedge_093_F.png
94,ETN,2022-03-01 05:00:00+00:00,True,CLEARLY_VALID,7.0,0.24429386122491492,75.5706138775085,-0.6223596615605842,-0.355313404644805,True,True,True,9.0,10.0,19.0,76.0,-21.33422943978987,-5.540278103806068,wedge_audit/wedge_094_ETN.png
95,LIN,2025-05-20 04:00:00+00:00,True,CLEARLY_VALID,6.0,0.29522842327809984,70.47715767219002,-0.6040408046565412,0.10301569277157023,True,False,True,4.0,5.0,9.0,32.0,-1.7965030671949582,3.618961479345131,wedge_audit/wedge_095_LIN.png
96,MAA,2025-07-01 04:00:00+00:00,True,CLEARLY_VALID,7.0,0.11785646567682041,88.21435343231796,-0.5214750576628482,-0.291335071653753,True,True,True,6.0,4.0,10.0,52.0,-13.34372732943406,4.895318131389064,wedge_audit/wedge_096_MAA.png
97,HSIC,2022-11-08 05:00:00+00:00,True,CLEARLY_VALID,6.0,0.2593824342456715,74.06175657543285,-0.05507328932770141,0.06785060609241268,True,False,True,10.0,12.0,22.0,111.0,1.032621950624615,6.834814984618601,wedge_audit/wedge_097_HSIC.png
98,MU,2024-12-17 05:00:00+00:00,True,CLEARLY_VALID,6.0,0.46305138914769567,53.69486108523043,-0.2190000398076187,-0.06893714371022513,True,True,True,7.0,8.0,15.0,66.0,-8.711118697046912,-7.999999999999999,wedge_audit/wedge_098_MU.png
99,ORCL,2026-01-13 05:00:00+00:00,True,CLEARLY_VALID,5.0,0.42186114770438354,57.81388522956165,-0.5966328431567055,0.010829893139721828,True,False,True,5.0,3.0,8.0,35.0,-5.141238289804437,-5.861385635926586,wedge_audit/wedge_099_ORCL.png
